case_id,year,court,case_type,bail_amount_inr,days_to_bail_order
1,2021,District Court - North,Assault,18400,20
2,2021,District Court - West,Theft,4600,17
3,2021,District Court - North,Cyber Offence,36200,8
4,2021,District Court - Central,NDPS,19100,13
5,2021,District Court - Central,Cheating,5000,12
6,2021,District Court - Central,Cheating,14600,33
7,2021,District Court - North,Cyber Offence,11800,38
8,2021,District Court - East,Public Nuisance,16900,23
9,2021,District Court - West,Theft,18400,5
10,2021,District Court - West,Cyber Offence,22800,5
11,2021,District Court - North,Cyber Offence,11400,12
12,2021,District Court - North,Domestic Dispute,15500,38
13,2021,District Court - Central,Public Nuisance,18100,28
14,2021,District Court - West,Cyber Offence,31200,33
15,2021,District Court - West,Cheating,10700,11
16,2021,District Court - North,Public Nuisance,8900,25
17,2021,District Court - West,Assault,9700,28
18,2021,District Court - Central,Cyber Offence,9500,23
19,2021,District Court - North,Theft,51700,15
20,2021,District Court - South,NDPS,10700,9
21,2021,District Court - East,Assault,17100,11
22,2021,District Court - Central,Cyber Offence,22900,35
23,2021,District Court - East,Public Nuisance,8600,32
24,2021,District Court - West,Public Nuisance,14600,44
25,2021,District Court - Central,Theft,9100,17
26,2021,District Court - West,Cheating,21500,2
27,2021,District Court - Central,Assault,12800,37
28,2021,District Court - North,Assault,7100,40
29,2021,District Court - East,Cyber Offence,15700,3
30,2021,District Court - North,Cyber Offence,21900,11
31,2021,District Court - South,Cyber Offence,15400,21
32,2021,District Court - North,Theft,13500,27
33,2021,District Court - South,Cyber Offence,10500,24
34,2021,District Court - South,Cheating,7400,6
35,2021,District Court - Central,Assault,21200,36
36,2021,District Court - South,Theft,15200,5
37,2021,District Court - South,Cyber Offence,14600,15
38,2021,District Court - East,Theft,14800,6
39,2021,District Court - West,Cyber Offence,13100,19
40,2021,District Court - East,Cheating,9600,17
41,2021,District Court - East,Domestic Dispute,13200,28
42,2021,District Court - North,Cyber Offence,56700,20
43,2021,District Court - Central,Assault,27200,22
44,2021,District Court - West,Theft,16100,16
45,2021,District Court - Central,Theft,8600,20
46,2021,District Court - West,Cheating,16700,20
47,2021,District Court - East,Public Nuisance,41800,5
48,2021,District Court - South,Theft,8900,42
49,2021,District Court - Central,Public Nuisance,21200,34
50,2021,District Court - North,Assault,19400,9
51,2021,District Court - East,Cheating,9800,35
52,2021,District Court - North,Theft,6500,24
53,2021,District Court - Central,Domestic Dispute,21700,39
54,2021,District Court - North,Theft,15500,44
55,2021,District Court - North,Domestic Dispute,17000,5
56,2021,District Court - North,Assault,5400,5
57,2021,District Court - West,Domestic Dispute,10600,40
58,2021,District Court - East,NDPS,16700,44
59,2021,District Court - Central,Theft,27000,4
60,2021,District Court - North,Cheating,37500,33
61,2021,District Court - South,Theft,7300,33
62,2021,District Court - West,Theft,13000,29
63,2021,District Court - South,Public Nuisance,37700,12
64,2021,District Court - South,Cyber Offence,23300,13
65,2021,District Court - South,Theft,12300,30
66,2021,District Court - West,Assault,59800,20
67,2021,District Court - South,Assault,17700,28
68,2021,District Court - North,Cheating,65900,32
69,2021,District Court - South,Cheating,17900,18
70,2021,District Court - West,Cyber Offence,10100,29
71,2021,District Court - South,Cheating,7000,41
72,2021,District Court - West,NDPS,43500,4
73,2021,District Court - North,Cyber Offence,5900,26
74,2021,District Court - East,Domestic Dispute,14700,40
75,2021,District Court - North,Cheating,28400,27
76,2021,District Court - West,Cheating,33800,21
77,2021,District Court - West,Public Nuisance,18700,30
78,2021,District Court - South,Theft,13400,36
79,2021,District Court - North,Public Nuisance,17700,1
80,2021,District Court - North,Cheating,8500,14
81,2021,District Court - North,Theft,65200,3
82,2021,District Court - West,Theft,31200,38
83,2021,District Court - Central,Domestic Dispute,40900,18
84,2021,District Court - North,Cyber Offence,40300,26
85,2021,District Court - South,Domestic Dispute,8000,39
86,2021,District Court - Central,Assault,16900,33
87,2021,District Court - North,Public Nuisance,14100,28
88,2021,District Court - North,Cyber Offence,14300,24
89,2021,District Court - North,Public Nuisance,13400,22
90,2021,District Court - East,Theft,5800,3
91,2021,District Court - West,Cyber Offence,14500,18
92,2021,District Court - East,Domestic Dispute,61800,28
93,2021,District Court - North,Cyber Offence,37400,7
94,2021,District Court - Central,Domestic Dispute,13700,7
95,2021,District Court - Central,Cheating,44100,34
96,2021,District Court - North,Assault,98600,19
97,2021,District Court - Central,Cheating,27200,18
98,2021,District Court - West,NDPS,31200,32
99,2021,District Court - Central,Cyber Offence,27200,14
100,2021,District Court - East,NDPS,25900,2
101,2021,District Court - North,Assault,25000,23
102,2021,District Court - East,NDPS,26400,8
103,2021,District Court - Central,Cheating,9800,2
104,2021,District Court - North,NDPS,22800,44
105,2021,District Court - North,Theft,11800,40
106,2021,District Court - West,Public Nuisance,5200,37
107,2021,District Court - Central,Assault,18700,2
108,2021,District Court - Central,Assault,10700,37
109,2021,District Court - North,Cyber Offence,22800,35
110,2021,District Court - Central,Domestic Dispute,4700,30
111,2021,District Court - East,Theft,20900,15
112,2021,District Court - North,Public Nuisance,10000,27
113,2021,District Court - Central,Cyber Offence,8100,38
114,2021,District Court - North,Cheating,13700,32
115,2021,District Court - East,NDPS,10100,19
116,2021,District Court - East,Assault,20100,25
117,2021,District Court - East,Assault,6800,17
118,2021,District Court - North,Cyber Offence,3800,38
119,2021,District Court - East,Cyber Offence,11200,1
120,2021,District Court - North,Theft,20900,7
121,2021,District Court - Central,Public Nuisance,27300,43
122,2021,District Court - East,Theft,5900,32
123,2021,District Court - South,Domestic Dispute,16800,40
124,2021,District Court - East,Domestic Dispute,12200,42
125,2021,District Court - East,Assault,13800,9
126,2021,District Court - South,Assault,64500,35
127,2021,District Court - South,Assault,17100,43
128,2021,District Court - Central,NDPS,31700,5
129,2021,District Court - West,Domestic Dispute,15600,28
130,2021,District Court - West,NDPS,28000,32
131,2021,District Court - East,Domestic Dispute,7300,19
132,2021,District Court - West,NDPS,11200,15
133,2021,District Court - North,NDPS,25200,16
134,2021,District Court - North,Domestic Dispute,13300,26
135,2021,District Court - North,Public Nuisance,12200,27
136,2021,District Court - North,NDPS,12400,21
137,2021,District Court - West,Assault,7400,40
138,2021,District Court - South,Theft,14200,13
139,2021,District Court - South,NDPS,19200,5
140,2021,District Court - South,NDPS,79900,18
141,2021,District Court - South,Theft,31400,37
142,2021,District Court - Central,Domestic Dispute,21800,14
143,2021,District Court - Central,Theft,11300,25
144,2021,District Court - South,Public Nuisance,25100,30
145,2021,District Court - South,Cyber Offence,21500,42
146,2021,District Court - Central,Assault,2800,36
147,2021,District Court - North,Public Nuisance,18600,6
148,2021,District Court - South,Assault,9100,32
149,2021,District Court - South,Assault,12300,34
150,2021,District Court - East,Cyber Offence,23400,24
151,2021,District Court - South,Theft,6600,2
152,2021,District Court - East,Cyber Offence,17300,12
153,2021,District Court - North,NDPS,13300,10
154,2021,District Court - North,Theft,5700,3
155,2021,District Court - East,NDPS,3600,19
156,2021,District Court - South,Domestic Dispute,12700,1
157,2021,District Court - South,Domestic Dispute,9500,37
158,2021,District Court - East,Public Nuisance,96600,10
159,2021,District Court - South,NDPS,11400,20
160,2021,District Court - West,Cyber Offence,34300,38
161,2021,District Court - South,Domestic Dispute,42500,9
162,2021,District Court - East,NDPS,25800,23
163,2021,District Court - South,Public Nuisance,9800,43
164,2021,District Court - Central,Public Nuisance,16200,28
165,2021,District Court - North,Theft,15300,14
166,2021,District Court - Central,Cyber Offence,29900,5
167,2021,District Court - East,Assault,11200,12
168,2021,District Court - Central,Theft,10200,33
169,2021,District Court - South,Public Nuisance,13900,31
170,2021,District Court - West,Cheating,15500,22
171,2021,District Court - North,Theft,33400,34
172,2021,District Court - East,Cheating,7600,12
173,2021,District Court - North,Cyber Offence,39000,35
174,2021,District Court - East,Cheating,18500,20
175,2021,District Court - Central,Domestic Dispute,22200,18
176,2021,District Court - North,Cheating,12200,8
177,2021,District Court - Central,Domestic Dispute,9600,38
178,2021,District Court - East,Theft,27900,3
179,2021,District Court - West,Theft,6600,25
180,2021,District Court - North,Assault,76100,2
181,2021,District Court - East,NDPS,10000,39
182,2021,District Court - South,Domestic Dispute,21900,12
183,2021,District Court - West,Assault,12300,34
184,2021,District Court - East,Cheating,9200,41
185,2021,District Court - East,Public Nuisance,23800,43
186,2021,District Court - South,Theft,20400,11
187,2021,District Court - Central,Public Nuisance,13500,21
188,2021,District Court - North,Cheating,10500,10
189,2021,District Court - North,Theft,10200,34
190,2021,District Court - North,NDPS,24800,34
191,2021,District Court - North,Domestic Dispute,22400,39
192,2021,District Court - Central,Cyber Offence,6500,31
193,2021,District Court - East,Cyber Offence,25900,45
194,2021,District Court - East,Cyber Offence,13300,29
195,2021,District Court - Central,Cyber Offence,29400,35
196,2021,District Court - West,Assault,5900,38
197,2021,District Court - South,Public Nuisance,5000,41
198,2021,District Court - South,Cyber Offence,12500,33
199,2021,District Court - East,Domestic Dispute,23100,38
200,2021,District Court - West,Assault,7700,17
201,2021,District Court - West,Domestic Dispute,19400,2
202,2021,District Court - Central,Cheating,8400,40
203,2021,District Court - South,Cheating,4300,42
204,2021,District Court - Central,Public Nuisance,36700,18
205,2021,District Court - South,Theft,11600,5
206,2021,District Court - Central,Assault,4500,29
207,2021,District Court - South,Assault,14800,45
208,2021,District Court - South,NDPS,8200,10
209,2021,District Court - East,Cyber Offence,7000,15
210,2021,District Court - South,Cheating,40500,29
211,2021,District Court - East,Domestic Dispute,24500,25
212,2021,District Court - East,Cheating,40900,40
213,2021,District Court - North,Cyber Offence,20100,11
214,2021,District Court - North,Public Nuisance,7400,18
215,2021,District Court - West,NDPS,13100,22
216,2021,District Court - West,Cheating,55200,26
217,2021,District Court - South,Assault,13300,30
218,2021,District Court - East,Assault,30900,15
219,2021,District Court - South,Theft,12100,35
220,2021,District Court - South,Domestic Dispute,9200,34
221,2021,District Court - West,Public Nuisance,13700,21
222,2021,District Court - North,NDPS,23100,30
223,2021,District Court - North,Cheating,9900,10
224,2021,District Court - East,Assault,8000,20
225,2021,District Court - North,Cyber Offence,21500,30
226,2021,District Court - South,Assault,53300,22
227,2021,District Court - South,Public Nuisance,5700,41
228,2021,District Court - East,NDPS,20600,42
229,2021,District Court - West,NDPS,10400,24
230,2021,District Court - South,NDPS,37600,37
231,2021,District Court - East,Cyber Offence,12300,42
232,2021,District Court - East,Theft,13000,39
233,2021,District Court - South,Domestic Dispute,15300,9
234,2021,District Court - West,Public Nuisance,44300,8
235,2021,District Court - South,Theft,23800,10
236,2021,District Court - North,Assault,19600,33
237,2021,District Court - Central,Cyber Offence,12300,10
238,2021,District Court - Central,Theft,19500,30
239,2021,District Court - North,Theft,8300,22
240,2021,District Court - East,Public Nuisance,13700,29
241,2021,District Court - South,Theft,6300,7
242,2021,District Court - South,Theft,11900,8
243,2021,District Court - Central,Assault,12600,34
244,2021,District Court - Central,Cyber Offence,19600,22
245,2021,District Court - South,Domestic Dispute,44100,3
246,2021,District Court - North,Cyber Offence,16700,40
247,2021,District Court - Central,Assault,11600,30
248,2021,District Court - South,Cheating,25800,12
249,2021,District Court - Central,Cheating,35200,27
250,2021,District Court - South,Theft,12900,29
251,2021,District Court - Central,Cyber Offence,18700,12
252,2021,District Court - South,Cheating,13000,29
253,2021,District Court - West,NDPS,37800,10
254,2021,District Court - Central,Cheating,34300,5
255,2021,District Court - North,Cheating,11300,7
256,2021,District Court - North,Cyber Offence,12400,24
257,2021,District Court - South,Public Nuisance,30200,23
258,2021,District Court - East,Cheating,10700,5
259,2021,District Court - West,Theft,20400,37
260,2021,District Court - West,Public Nuisance,6400,23
261,2021,District Court - Central,Cheating,48000,31
262,2021,District Court - South,Theft,12100,41
263,2021,District Court - South,Public Nuisance,35100,26
264,2021,District Court - Central,Theft,44200,10
265,2021,District Court - West,Cyber Offence,25700,10
266,2021,District Court - West,Cyber Offence,65100,1
267,2021,District Court - West,Public Nuisance,15400,18
268,2021,District Court - South,Cheating,6200,39
269,2021,District Court - Central,Assault,18000,15
270,2021,District Court - North,Assault,19300,7
271,2021,District Court - Central,Assault,29700,14
272,2021,District Court - South,Domestic Dispute,15200,31
273,2021,District Court - East,Theft,29100,32
274,2021,District Court - West,Assault,12400,27
275,2021,District Court - East,NDPS,22900,37
276,2021,District Court - North,Assault,11900,25
277,2021,District Court - South,Assault,29300,14
278,2021,District Court - North,Cheating,13500,3
279,2021,District Court - East,Assault,22700,4
280,2021,District Court - North,NDPS,15000,10
281,2021,District Court - East,NDPS,49700,31
282,2021,District Court - West,Theft,17900,4
283,2021,District Court - East,NDPS,13300,45
284,2021,District Court - South,Public Nuisance,11600,4
285,2021,District Court - East,Cheating,8200,40
286,2021,District Court - North,Domestic Dispute,17200,5
287,2021,District Court - East,NDPS,26700,11
288,2021,District Court - West,Domestic Dispute,5700,33
289,2021,District Court - West,Assault,8800,16
290,2021,District Court - Central,Theft,26600,25
291,2021,District Court - North,Public Nuisance,24300,18
292,2021,District Court - East,NDPS,10600,5
293,2021,District Court - Central,Assault,20600,45
294,2021,District Court - South,Cyber Offence,18600,10
295,2021,District Court - West,Public Nuisance,40700,27
296,2021,District Court - North,Theft,14600,3
297,2021,District Court - South,Public Nuisance,20000,16
298,2021,District Court - West,Public Nuisance,5700,1
299,2021,District Court - West,Assault,16200,29
300,2021,District Court - South,Theft,10200,30
301,2021,District Court - East,Cheating,13900,29
302,2021,District Court - West,Cyber Offence,7800,27
303,2021,District Court - North,Domestic Dispute,7900,38
304,2021,District Court - North,Domestic Dispute,23700,6
305,2021,District Court - North,Cheating,11300,39
306,2021,District Court - East,Cyber Offence,12500,22
307,2021,District Court - East,NDPS,38300,13
308,2021,District Court - East,Cyber Offence,3100,25
309,2021,District Court - West,Cyber Offence,44100,14
310,2021,District Court - Central,Theft,9100,1
311,2021,District Court - West,Theft,7300,9
312,2021,District Court - West,Assault,6400,7
313,2021,District Court - Central,Domestic Dispute,28800,19
314,2021,District Court - Central,NDPS,20700,1
315,2021,District Court - West,NDPS,31900,23
316,2021,District Court - Central,Theft,28000,4
317,2021,District Court - Central,Theft,12900,8
318,2021,District Court - West,Public Nuisance,7900,17
319,2021,District Court - East,NDPS,19400,43
320,2021,District Court - North,Cheating,31700,42
321,2021,District Court - Central,Assault,23700,32
322,2021,District Court - North,Theft,7300,21
323,2021,District Court - East,Cyber Offence,11900,29
324,2021,District Court - East,Theft,22500,3
325,2021,District Court - South,Domestic Dispute,22000,19
326,2021,District Court - East,Cheating,25300,21
327,2021,District Court - East,NDPS,32200,18
328,2021,District Court - East,Cheating,12600,24
329,2021,District Court - East,Theft,36800,19
330,2021,District Court - East,Cheating,10700,5
331,2021,District Court - South,Public Nuisance,6900,38
332,2021,District Court - West,NDPS,5500,1
333,2021,District Court - North,Cheating,31500,14
334,2021,District Court - East,NDPS,9900,43
335,2021,District Court - West,Cyber Offence,19500,38
336,2021,District Court - East,Cyber Offence,6600,4
337,2021,District Court - West,Domestic Dispute,11500,5
338,2021,District Court - South,NDPS,11200,20
339,2021,District Court - Central,Theft,36500,45
340,2021,District Court - Central,Public Nuisance,30300,29
341,2021,District Court - North,NDPS,13600,39
342,2021,District Court - East,Assault,14700,10
343,2021,District Court - Central,Domestic Dispute,14800,7
344,2021,District Court - North,Cyber Offence,20900,16
345,2021,District Court - North,Assault,61800,31
346,2021,District Court - North,NDPS,17600,14
347,2021,District Court - West,NDPS,9600,17
348,2021,District Court - West,Domestic Dispute,11300,27
349,2021,District Court - South,NDPS,35300,41
350,2021,District Court - South,Cyber Offence,16000,22
351,2021,District Court - South,Public Nuisance,4600,27
352,2021,District Court - North,Domestic Dispute,8000,14
353,2021,District Court - Central,Public Nuisance,21300,9
354,2021,District Court - East,Cheating,19900,43
355,2021,District Court - South,Assault,5700,10
356,2021,District Court - West,Public Nuisance,13100,45
357,2021,District Court - South,Cheating,8100,20
358,2021,District Court - West,NDPS,16800,36
359,2021,District Court - Central,Cheating,14200,36
360,2021,District Court - North,NDPS,11400,18
361,2021,District Court - West,Domestic Dispute,24000,17
362,2021,District Court - West,Domestic Dispute,10400,1
363,2021,District Court - South,Assault,13800,2
364,2021,District Court - West,Assault,20600,14
365,2021,District Court - East,Cheating,44400,31
366,2021,District Court - Central,Assault,3800,2
367,2021,District Court - East,Cheating,12000,4
368,2021,District Court - West,Public Nuisance,31900,36
369,2021,District Court - South,NDPS,19300,26
370,2021,District Court - East,NDPS,13800,20
371,2021,District Court - East,Cheating,12300,15
372,2021,District Court - East,Assault,33100,17
373,2021,District Court - East,Theft,23600,4
374,2021,District Court - Central,Domestic Dispute,11900,5
375,2021,District Court - South,Theft,13400,44
376,2021,District Court - Central,Assault,15900,5
377,2021,District Court - East,Assault,11600,24
378,2021,District Court - West,Cheating,19900,8
379,2021,District Court - Central,Public Nuisance,13100,26
380,2021,District Court - South,NDPS,30300,29
381,2021,District Court - West,Cheating,7700,14
382,2021,District Court - West,Assault,5000,45
383,2021,District Court - West,Theft,10800,45
384,2021,District Court - South,Cheating,16300,24
385,2021,District Court - North,Theft,12900,36
386,2021,District Court - South,Theft,15200,26
387,2021,District Court - East,NDPS,18500,31
388,2021,District Court - North,Theft,17400,25
389,2021,District Court - Central,Domestic Dispute,12100,37
390,2021,District Court - West,NDPS,14900,39
391,2021,District Court - West,Cyber Offence,13300,43
392,2021,District Court - Central,Public Nuisance,10800,15
393,2021,District Court - East,Cyber Offence,30000,25
394,2021,District Court - West,Cheating,15200,34
395,2021,District Court - South,Cyber Offence,73500,17
396,2021,District Court - West,NDPS,21500,10
397,2021,District Court - South,Cheating,8900,42
398,2021,District Court - West,NDPS,12100,16
399,2021,District Court - North,Theft,19900,21
400,2021,District Court - Central,Assault,8000,22
401,2021,District Court - Central,Cyber Offence,12900,42
402,2021,District Court - Central,NDPS,18000,27
403,2021,District Court - West,Domestic Dispute,56400,33
404,2021,District Court - Central,NDPS,86900,42
405,2021,District Court - South,Cyber Offence,6100,13
406,2021,District Court - South,Cyber Offence,18800,42
407,2021,District Court - Central,Cheating,12700,20
408,2021,District Court - West,Domestic Dispute,14700,18
409,2021,District Court - Central,Assault,21400,4
410,2021,District Court - Central,Cheating,4600,14
411,2021,District Court - North,Assault,5100,41
412,2021,District Court - North,Domestic Dispute,25000,34
413,2021,District Court - West,Cheating,17400,41
414,2021,District Court - North,NDPS,28800,32
415,2021,District Court - East,Cyber Offence,21800,38
416,2021,District Court - North,Assault,28600,39
417,2021,District Court - East,Theft,16400,24
418,2021,District Court - West,Cyber Offence,64400,17
419,2021,District Court - Central,Cyber Offence,9600,41
420,2021,District Court - East,Public Nuisance,52400,19
421,2021,District Court - South,Assault,38900,18
422,2021,District Court - East,Public Nuisance,7300,40
423,2021,District Court - North,NDPS,28700,12
424,2021,District Court - West,Assault,14900,11
425,2021,District Court - West,Public Nuisance,45600,7
426,2021,District Court - West,Assault,21800,16
427,2021,District Court - North,Cyber Offence,21900,14
428,2021,District Court - Central,Domestic Dispute,38400,40
429,2021,District Court - East,Cyber Offence,21100,35
430,2021,District Court - North,Cyber Offence,16200,9
431,2021,District Court - South,Theft,47900,45
432,2021,District Court - West,NDPS,7500,23
433,2021,District Court - East,Theft,53000,2
434,2021,District Court - West,Cheating,9700,27
435,2021,District Court - Central,Cyber Offence,17300,40
436,2021,District Court - West,Public Nuisance,18600,28
437,2021,District Court - Central,Domestic Dispute,3400,15
438,2021,District Court - Central,NDPS,13100,22
439,2021,District Court - South,Cheating,6200,10
440,2021,District Court - South,Domestic Dispute,13500,16
441,2021,District Court - East,Domestic Dispute,12900,42
442,2021,District Court - East,Cheating,4300,14
443,2021,District Court - East,Public Nuisance,13700,23
444,2021,District Court - East,Public Nuisance,32200,1
445,2021,District Court - North,Public Nuisance,46500,27
446,2021,District Court - Central,Cheating,10800,27
447,2021,District Court - West,Cyber Offence,14800,5
448,2021,District Court - Central,Assault,13400,39
449,2021,District Court - North,Cheating,4200,30
450,2021,District Court - North,Assault,23100,43
451,2021,District Court - North,Public Nuisance,18100,19
452,2021,District Court - South,Domestic Dispute,9800,4
453,2021,District Court - East,Cheating,7000,6
454,2021,District Court - West,Cheating,4300,18
455,2021,District Court - South,Assault,15900,9
456,2021,District Court - Central,Theft,26800,5
457,2021,District Court - East,Domestic Dispute,21900,3
458,2021,District Court - South,NDPS,41200,33
459,2021,District Court - Central,Domestic Dispute,11900,8
460,2021,District Court - South,Theft,22100,12
461,2021,District Court - South,Cyber Offence,40000,23
462,2021,District Court - West,Theft,3500,24
463,2021,District Court - North,Domestic Dispute,19100,12
464,2021,District Court - West,Assault,26700,42
465,2021,District Court - East,Cyber Offence,17900,3
466,2021,District Court - North,Public Nuisance,16600,20
467,2021,District Court - East,Public Nuisance,15000,40
468,2021,District Court - North,Theft,11500,38
469,2021,District Court - West,Assault,55100,31
470,2021,District Court - East,Public Nuisance,16300,14
471,2021,District Court - South,Public Nuisance,13100,16
472,2021,District Court - East,Theft,13400,41
473,2021,District Court - Central,Cyber Offence,23800,20
474,2021,District Court - West,Assault,9100,42
475,2021,District Court - North,Domestic Dispute,20400,23
476,2021,District Court - South,Theft,10400,11
477,2021,District Court - East,Cyber Offence,25900,2
478,2021,District Court - West,Cyber Offence,42200,14
479,2021,District Court - North,Theft,58800,10
480,2021,District Court - North,Public Nuisance,17200,6
481,2021,District Court - West,Public Nuisance,15600,18
482,2021,District Court - North,Domestic Dispute,5900,26
483,2021,District Court - Central,NDPS,13300,9
484,2021,District Court - East,Assault,11300,32
485,2021,District Court - Central,Domestic Dispute,22000,45
486,2021,District Court - North,NDPS,13300,25
487,2021,District Court - South,Public Nuisance,9000,30
488,2021,District Court - Central,Domestic Dispute,57200,2
489,2021,District Court - East,Cheating,7400,36
490,2021,District Court - Central,Public Nuisance,17700,24
491,2021,District Court - East,Cyber Offence,8400,8
492,2021,District Court - North,Assault,17700,44
493,2021,District Court - West,NDPS,18800,5
494,2021,District Court - West,Domestic Dispute,14800,43
495,2021,District Court - West,NDPS,37900,8
496,2021,District Court - North,Public Nuisance,15600,43
497,2021,District Court - North,Theft,22700,19
498,2021,District Court - North,NDPS,10200,43
499,2021,District Court - North,Public Nuisance,53100,28
500,2021,District Court - South,Assault,18500,25
501,2021,District Court - Central,Public Nuisance,29600,1
502,2021,District Court - North,NDPS,22500,43
503,2021,District Court - West,Assault,31300,37
504,2021,District Court - East,Assault,39200,39
505,2021,District Court - South,Cyber Offence,13700,4
506,2021,District Court - West,Assault,7200,15
507,2021,District Court - West,Public Nuisance,23500,25
508,2021,District Court - South,Domestic Dispute,7700,44
509,2021,District Court - North,Assault,31500,15
510,2021,District Court - West,Cyber Offence,12400,44
511,2021,District Court - West,Assault,14300,37
512,2021,District Court - South,Theft,15800,12
513,2021,District Court - Central,Cyber Offence,13900,38
514,2021,District Court - North,NDPS,8900,22
515,2021,District Court - South,Assault,26000,38
516,2021,District Court - Central,Theft,13400,31
517,2021,District Court - East,Cheating,34000,30
518,2021,District Court - Central,NDPS,24900,26
519,2021,District Court - Central,Public Nuisance,12600,15
520,2021,District Court - Central,Domestic Dispute,19500,17
521,2021,District Court - South,Domestic Dispute,10200,24
522,2021,District Court - Central,Assault,10500,18
523,2021,District Court - East,NDPS,16800,16
524,2021,District Court - West,Cheating,37200,15
525,2021,District Court - East,Assault,9200,24
526,2021,District Court - West,Public Nuisance,30500,15
527,2021,District Court - Central,Theft,6100,38
528,2021,District Court - North,Public Nuisance,16000,16
529,2021,District Court - West,Domestic Dispute,17300,8
530,2021,District Court - East,NDPS,23000,19
531,2021,District Court - Central,Domestic Dispute,15000,4
532,2021,District Court - South,Cyber Offence,15100,7
533,2021,District Court - Central,Public Nuisance,29700,31
534,2021,District Court - North,Assault,12900,13
535,2021,District Court - Central,NDPS,11700,4
536,2021,District Court - Central,Cyber Offence,27300,6
537,2021,District Court - East,Domestic Dispute,20200,36
538,2021,District Court - West,NDPS,56200,43
539,2021,District Court - West,Cyber Offence,8900,13
540,2021,District Court - West,Cyber Offence,21100,9
541,2021,District Court - Central,Cyber Offence,14200,44
542,2021,District Court - West,Cheating,13000,28
543,2021,District Court - North,Cheating,19100,40
544,2021,District Court - Central,Domestic Dispute,14700,37
545,2021,District Court - Central,Public Nuisance,27600,19
546,2021,District Court - East,NDPS,24300,30
547,2021,District Court - Central,Theft,6600,14
548,2021,District Court - West,Domestic Dispute,18200,12
549,2021,District Court - South,Public Nuisance,18900,29
550,2021,District Court - North,Theft,4900,9
551,2021,District Court - South,NDPS,6500,37
552,2021,District Court - South,Assault,8000,13
553,2021,District Court - West,Domestic Dispute,3600,36
554,2021,District Court - West,NDPS,16500,12
555,2021,District Court - East,Domestic Dispute,20400,43
556,2021,District Court - North,Public Nuisance,14700,37
557,2021,District Court - Central,NDPS,21200,19
558,2021,District Court - Central,Assault,7100,11
559,2021,District Court - East,NDPS,5600,6
560,2021,District Court - West,NDPS,6300,14
561,2021,District Court - Central,Theft,8400,4
562,2021,District Court - Central,Public Nuisance,26400,14
563,2021,District Court - North,Cheating,24400,38
564,2021,District Court - Central,Cheating,16000,30
565,2021,District Court - North,Theft,5800,30
566,2021,District Court - Central,Public Nuisance,33100,6
567,2021,District Court - Central,Cyber Offence,17100,43
568,2021,District Court - Central,Assault,5800,28
569,2021,District Court - Central,Cheating,53800,3
570,2021,District Court - Central,NDPS,6100,21
571,2021,District Court - West,Assault,10600,11
572,2021,District Court - South,Assault,5300,5
573,2021,District Court - East,Theft,24400,39
574,2021,District Court - North,Domestic Dispute,5700,6
575,2021,District Court - North,Cheating,39200,41
576,2021,District Court - Central,Cheating,17900,1
577,2021,District Court - North,Theft,10000,5
578,2021,District Court - West,Public Nuisance,42800,41
579,2021,District Court - South,Cheating,34000,20
580,2021,District Court - South,Assault,16600,25
581,2021,District Court - West,Assault,13500,10
582,2021,District Court - West,Assault,12200,15
583,2021,District Court - West,Cyber Offence,34400,37
584,2021,District Court - North,Theft,24900,24
585,2021,District Court - North,Theft,7700,42
586,2021,District Court - West,Domestic Dispute,11600,41
587,2021,District Court - South,Cyber Offence,10900,39
588,2021,District Court - East,Cheating,12500,2
589,2021,District Court - South,Assault,5800,4
590,2021,District Court - North,NDPS,35000,20
591,2021,District Court - West,Domestic Dispute,55900,38
592,2021,District Court - East,Domestic Dispute,7300,21
593,2021,District Court - West,Cyber Offence,33500,45
594,2021,District Court - West,Public Nuisance,6500,21
595,2021,District Court - East,Domestic Dispute,24200,9
596,2021,District Court - Central,Domestic Dispute,9500,22
597,2021,District Court - West,Domestic Dispute,12900,11
598,2021,District Court - West,NDPS,25000,1
599,2021,District Court - North,Domestic Dispute,16900,29
600,2021,District Court - South,Public Nuisance,31900,3
601,2021,District Court - East,Cheating,107400,18
602,2021,District Court - South,Public Nuisance,13100,18
603,2021,District Court - West,Domestic Dispute,30900,43
604,2021,District Court - Central,Cheating,15900,8
605,2021,District Court - West,Cyber Offence,17100,23
606,2021,District Court - East,Cyber Offence,14200,37
607,2021,District Court - East,Domestic Dispute,20600,28
608,2021,District Court - West,Domestic Dispute,21900,28
609,2021,District Court - North,NDPS,15300,7
610,2021,District Court - Central,Cheating,5600,20
611,2021,District Court - North,Assault,21700,30
612,2021,District Court - West,NDPS,23300,22
613,2021,District Court - South,Assault,7300,33
614,2021,District Court - Central,Public Nuisance,16200,1
615,2021,District Court - South,Domestic Dispute,6000,5
616,2021,District Court - North,Public Nuisance,20000,44
617,2021,District Court - East,Assault,10400,21
618,2021,District Court - East,Theft,18100,32
619,2021,District Court - East,Public Nuisance,21500,21
620,2021,District Court - East,Public Nuisance,8300,6
621,2021,District Court - South,NDPS,38000,45
622,2021,District Court - West,Assault,7600,19
623,2021,District Court - East,Theft,33200,41
624,2021,District Court - North,Theft,19800,38
625,2021,District Court - East,NDPS,10000,29
626,2021,District Court - East,Cheating,10600,45
627,2021,District Court - East,Domestic Dispute,34700,12
628,2021,District Court - Central,Domestic Dispute,5600,38
629,2021,District Court - West,Cheating,27700,40
630,2021,District Court - East,Domestic Dispute,11300,39
631,2021,District Court - East,Domestic Dispute,17500,15
632,2021,District Court - South,Cyber Offence,35600,36
633,2021,District Court - Central,Public Nuisance,18300,34
634,2021,District Court - Central,Cheating,10000,15
635,2021,District Court - East,Cheating,10100,26
636,2021,District Court - Central,Cheating,4900,2
637,2021,District Court - North,Cheating,6800,28
638,2021,District Court - Central,NDPS,8100,45
639,2021,District Court - Central,Cyber Offence,18100,37
640,2021,District Court - North,Public Nuisance,32400,9
641,2021,District Court - East,NDPS,19200,9
642,2021,District Court - West,Cyber Offence,20200,45
643,2021,District Court - South,Theft,40000,24
644,2021,District Court - South,Cyber Offence,5200,34
645,2021,District Court - North,Domestic Dispute,16600,44
646,2021,District Court - West,Cheating,14800,8
647,2021,District Court - South,Domestic Dispute,6600,33
648,2021,District Court - East,Domestic Dispute,28800,33
649,2021,District Court - East,Domestic Dispute,44300,18
650,2021,District Court - East,Theft,9800,28
651,2021,District Court - Central,Domestic Dispute,24200,45
652,2021,District Court - Central,Public Nuisance,13700,20
653,2021,District Court - South,Theft,9700,5
654,2021,District Court - West,Public Nuisance,21100,26
655,2021,District Court - East,Assault,10300,3
656,2021,District Court - South,Assault,33700,29
657,2021,District Court - West,Theft,11700,20
658,2021,District Court - North,NDPS,15800,33
659,2021,District Court - South,Cyber Offence,27500,14
660,2021,District Court - Central,Cheating,13000,8
661,2021,District Court - North,Theft,3700,3
662,2021,District Court - East,Public Nuisance,18300,20
663,2021,District Court - South,Assault,18600,3
664,2021,District Court - East,NDPS,13300,7
665,2021,District Court - North,NDPS,4400,40
666,2021,District Court - West,NDPS,18200,13
667,2021,District Court - West,Domestic Dispute,27500,6
668,2021,District Court - North,Theft,12300,27
669,2021,District Court - North,Assault,4500,40
670,2021,District Court - Central,Cheating,12100,41
671,2021,District Court - South,Domestic Dispute,19800,28
672,2021,District Court - South,Assault,15700,32
673,2021,District Court - North,Theft,12400,18
674,2021,District Court - South,NDPS,16200,1
675,2021,District Court - Central,Cheating,13400,17
676,2021,District Court - North,Public Nuisance,26400,6
677,2021,District Court - West,Domestic Dispute,24800,37
678,2021,District Court - West,Cheating,9100,32
679,2021,District Court - East,Domestic Dispute,5600,13
680,2021,District Court - North,Cheating,7700,7
681,2021,District Court - South,Theft,22400,45
682,2021,District Court - North,Theft,13000,12
683,2021,District Court - Central,Public Nuisance,11000,33
684,2021,District Court - Central,Assault,16000,45
685,2021,District Court - West,Domestic Dispute,20900,26
686,2021,District Court - South,NDPS,26700,32
687,2021,District Court - North,Domestic Dispute,28000,16
688,2021,District Court - West,Public Nuisance,33000,38
689,2021,District Court - Central,Cheating,15000,20
690,2021,District Court - Central,Domestic Dispute,27100,21
691,2021,District Court - East,Cheating,13000,13
692,2021,District Court - East,NDPS,14200,34
693,2021,District Court - North,Assault,4600,11
694,2021,District Court - North,Cyber Offence,19800,2
695,2021,District Court - North,Domestic Dispute,9100,40
696,2021,District Court - East,Public Nuisance,35500,8
697,2021,District Court - Central,Domestic Dispute,56400,31
698,2021,District Court - South,Theft,9200,9
699,2021,District Court - East,Cheating,48800,26
700,2021,District Court - North,Theft,9200,1
701,2021,District Court - East,Cheating,4100,20
702,2021,District Court - East,Theft,18200,20
703,2021,District Court - West,Cyber Offence,12800,4
704,2021,District Court - South,NDPS,7100,1
705,2021,District Court - East,Cheating,31700,45
706,2021,District Court - Central,Cheating,19200,36
707,2021,District Court - Central,Domestic Dispute,24300,34
708,2021,District Court - South,Cheating,8200,22
709,2021,District Court - West,Public Nuisance,49300,5
710,2021,District Court - North,Assault,37200,27
711,2021,District Court - South,Public Nuisance,25300,40
712,2021,District Court - East,Assault,18500,18
713,2021,District Court - Central,Theft,18900,29
714,2021,District Court - West,Assault,7800,42
715,2021,District Court - East,Domestic Dispute,9800,36
716,2021,District Court - Central,Cheating,15000,6
717,2021,District Court - North,Domestic Dispute,19300,18
718,2021,District Court - West,Cheating,14500,36
719,2021,District Court - North,Theft,21900,24
720,2021,District Court - Central,Cheating,11300,23
721,2021,District Court - North,Cheating,4800,33
722,2021,District Court - Central,Domestic Dispute,13600,41
723,2021,District Court - East,Cyber Offence,19400,24
724,2021,District Court - Central,Public Nuisance,24100,18
725,2021,District Court - North,Domestic Dispute,32500,38
726,2021,District Court - East,Cyber Offence,5700,24
727,2021,District Court - Central,Public Nuisance,13900,14
728,2021,District Court - South,Cheating,35000,37
729,2021,District Court - South,Cheating,10100,14
730,2021,District Court - East,Theft,25700,23
731,2021,District Court - Central,Public Nuisance,4400,3
732,2021,District Court - South,Cyber Offence,7300,41
733,2021,District Court - Central,Theft,7500,31
734,2021,District Court - North,Domestic Dispute,49000,30
735,2021,District Court - Central,Theft,17100,43
736,2021,District Court - Central,Domestic Dispute,18000,27
737,2021,District Court - South,Assault,12100,3
738,2021,District Court - West,NDPS,3900,39
739,2021,District Court - East,Cheating,26600,14
740,2021,District Court - North,Domestic Dispute,24000,38
741,2021,District Court - Central,Cyber Offence,17800,17
742,2021,District Court - West,Public Nuisance,37100,20
743,2021,District Court - East,NDPS,16000,36
744,2021,District Court - Central,NDPS,14100,22
745,2021,District Court - West,Public Nuisance,27400,39
746,2021,District Court - South,Theft,23200,16
747,2021,District Court - East,Cyber Offence,14800,21
748,2021,District Court - South,NDPS,8800,45
749,2021,District Court - North,Assault,21300,41
750,2021,District Court - East,Cheating,19200,42
751,2021,District Court - West,Theft,9200,23
752,2021,District Court - West,Assault,22600,36
753,2021,District Court - Central,NDPS,24100,42
754,2021,District Court - South,Domestic Dispute,12100,7
755,2021,District Court - Central,Domestic Dispute,17700,22
756,2021,District Court - Central,Assault,69200,5
757,2021,District Court - East,Domestic Dispute,24600,10
758,2021,District Court - East,Cheating,23400,44
759,2021,District Court - South,NDPS,14800,6
760,2021,District Court - North,Cyber Offence,7400,18
761,2021,District Court - Central,Domestic Dispute,48300,6
762,2021,District Court - West,NDPS,45300,2
763,2021,District Court - West,NDPS,10100,38
764,2021,District Court - North,NDPS,30400,21
765,2021,District Court - West,Domestic Dispute,5800,34
766,2021,District Court - Central,Assault,12200,21
767,2021,District Court - Central,Assault,8700,43
768,2021,District Court - North,NDPS,19300,30
769,2021,District Court - West,NDPS,13300,4
770,2021,District Court - North,Public Nuisance,7000,6
771,2021,District Court - East,Theft,21800,16
772,2021,District Court - West,Domestic Dispute,16500,19
773,2021,District Court - East,Cheating,13700,39
774,2021,District Court - South,Cheating,12500,22
775,2021,District Court - North,NDPS,22900,15
776,2021,District Court - South,NDPS,11400,17
777,2021,District Court - West,Cyber Offence,7400,30
778,2021,District Court - East,Theft,33000,25
779,2021,District Court - East,Cyber Offence,18000,39
780,2021,District Court - West,NDPS,17700,40
781,2021,District Court - South,Cheating,18500,15
782,2021,District Court - East,Assault,17500,41
783,2021,District Court - South,Public Nuisance,13900,7
784,2021,District Court - North,Theft,6200,26
785,2021,District Court - North,Public Nuisance,18200,33
786,2021,District Court - South,Theft,3200,43
787,2021,District Court - East,Theft,27900,23
788,2021,District Court - West,Public Nuisance,9700,45
789,2021,District Court - South,Cyber Offence,20600,7
790,2021,District Court - North,Cheating,36100,40
791,2021,District Court - South,Cheating,7600,45
792,2021,District Court - West,Public Nuisance,79700,36
793,2021,District Court - East,Cheating,11100,33
794,2021,District Court - East,Public Nuisance,21200,2
795,2021,District Court - East,Public Nuisance,40100,31
796,2021,District Court - North,Public Nuisance,6700,9
797,2021,District Court - North,NDPS,36000,24
798,2021,District Court - East,NDPS,38200,12
799,2021,District Court - Central,Cheating,9700,12
800,2021,District Court - South,NDPS,33700,40
801,2021,District Court - Central,Cheating,6700,23
802,2021,District Court - North,Theft,26200,44
803,2021,District Court - Central,Public Nuisance,19900,1
804,2021,District Court - North,Theft,19100,3
805,2021,District Court - North,Assault,17500,23
806,2021,District Court - East,Domestic Dispute,11600,7
807,2021,District Court - East,Theft,17300,2
808,2021,District Court - West,NDPS,17000,24
809,2021,District Court - East,NDPS,15000,33
810,2021,District Court - North,Cheating,11100,36
811,2021,District Court - Central,Cyber Offence,8700,6
812,2021,District Court - West,Assault,12000,33
813,2021,District Court - Central,Cyber Offence,15700,34
814,2021,District Court - South,Cyber Offence,34100,1
815,2021,District Court - East,Theft,19800,12
816,2021,District Court - South,NDPS,5700,35
817,2021,District Court - East,Assault,9000,38
818,2021,District Court - East,Public Nuisance,6500,3
819,2021,District Court - East,Cyber Offence,19200,39
820,2021,District Court - Central,Cyber Offence,32300,1
821,2021,District Court - West,Cyber Offence,7600,26
822,2021,District Court - South,Domestic Dispute,30100,44
823,2021,District Court - West,Domestic Dispute,10000,16
824,2021,District Court - West,Cyber Offence,4800,25
825,2021,District Court - North,NDPS,43100,22
826,2021,District Court - West,NDPS,10400,43
827,2021,District Court - South,Assault,20200,9
828,2021,District Court - East,NDPS,10100,28
829,2021,District Court - Central,Domestic Dispute,35800,24
830,2021,District Court - West,Cyber Offence,8300,39
831,2021,District Court - East,Cheating,12400,38
832,2021,District Court - North,Cyber Offence,22000,28
833,2021,District Court - West,Cheating,12100,14
834,2021,District Court - South,Public Nuisance,6900,1
835,2021,District Court - West,Assault,33300,26
836,2021,District Court - South,Domestic Dispute,13300,33
837,2021,District Court - South,NDPS,22800,8
838,2021,District Court - East,Domestic Dispute,13500,39
839,2021,District Court - North,Cheating,6000,25
840,2021,District Court - West,Public Nuisance,16200,15
841,2021,District Court - East,Assault,8700,21
842,2021,District Court - West,Domestic Dispute,33000,21
843,2021,District Court - East,Assault,14900,45
844,2021,District Court - South,Theft,7500,18
845,2021,District Court - Central,Cheating,59700,29
846,2021,District Court - West,Assault,11400,11
847,2021,District Court - West,Theft,12100,4
848,2021,District Court - East,Cheating,30400,41
849,2021,District Court - East,Public Nuisance,16200,11
850,2021,District Court - South,Theft,17100,17
851,2021,District Court - North,Theft,10200,13
852,2021,District Court - South,Assault,18300,27
853,2021,District Court - North,NDPS,11700,25
854,2021,District Court - Central,Domestic Dispute,12000,1
855,2021,District Court - East,Theft,19500,44
856,2021,District Court - Central,Public Nuisance,24200,30
857,2021,District Court - South,Assault,24700,9
858,2021,District Court - North,Assault,45300,30
859,2021,District Court - West,Theft,42700,32
860,2021,District Court - West,Public Nuisance,13600,11
861,2021,District Court - West,Cyber Offence,9000,36
862,2021,District Court - East,Domestic Dispute,8800,45
863,2021,District Court - Central,Cheating,31600,37
864,2021,District Court - North,Cyber Offence,17000,27
865,2021,District Court - Central,NDPS,15100,23
866,2021,District Court - East,Public Nuisance,7600,32
867,2021,District Court - North,NDPS,12900,12
868,2021,District Court - North,Assault,15200,43
869,2021,District Court - Central,Cheating,13100,21
870,2021,District Court - East,Cheating,12000,36
871,2021,District Court - Central,Public Nuisance,9900,23
872,2021,District Court - West,Cheating,12500,38
873,2021,District Court - East,Theft,13000,45
874,2021,District Court - Central,Theft,10300,41
875,2021,District Court - West,Cheating,70500,30
876,2021,District Court - East,Assault,10400,21
877,2021,District Court - Central,Cyber Offence,10500,10
878,2021,District Court - Central,Cyber Offence,11700,6
879,2021,District Court - West,Assault,49600,39
880,2021,District Court - East,Domestic Dispute,19500,10
881,2021,District Court - East,Domestic Dispute,11800,5
882,2021,District Court - North,Theft,9500,1
883,2021,District Court - South,Domestic Dispute,23700,26
884,2021,District Court - North,Domestic Dispute,28000,16
885,2021,District Court - South,Cheating,15200,25
886,2021,District Court - East,Domestic Dispute,12300,22
887,2021,District Court - North,NDPS,62800,40
888,2021,District Court - North,Theft,13400,29
889,2021,District Court - West,Theft,20200,35
890,2021,District Court - Central,Cyber Offence,60500,26
891,2021,District Court - West,Cyber Offence,4300,42
892,2021,District Court - East,Theft,7300,28
893,2021,District Court - Central,Assault,17200,23
894,2021,District Court - North,Domestic Dispute,11100,24
895,2021,District Court - East,Cheating,13000,3
896,2021,District Court - East,Cheating,22000,12
897,2021,District Court - West,Public Nuisance,10200,21
898,2021,District Court - North,Domestic Dispute,45300,23
899,2022,District Court - South,Public Nuisance,15400,12
900,2022,District Court - East,Public Nuisance,18500,40
901,2022,District Court - Central,Cheating,9000,19
902,2022,District Court - Central,Cyber Offence,28300,45
903,2022,District Court - North,Theft,41600,4
904,2022,District Court - East,Cheating,38500,6
905,2022,District Court - North,Cyber Offence,17700,2
906,2022,District Court - Central,Public Nuisance,11900,11
907,2022,District Court - North,NDPS,12100,5
908,2022,District Court - South,Public Nuisance,34100,10
909,2022,District Court - South,Assault,20200,24
910,2022,District Court - East,Domestic Dispute,42300,39
911,2022,District Court - West,Domestic Dispute,34600,28
912,2022,District Court - East,Cyber Offence,4300,34
913,2022,District Court - West,Cyber Offence,12300,11
914,2022,District Court - West,Public Nuisance,63700,11
915,2022,District Court - West,Cheating,34000,19
916,2022,District Court - North,Theft,16500,2
917,2022,District Court - Central,Cheating,20300,33
918,2022,District Court - West,Domestic Dispute,24900,41
919,2022,District Court - West,Assault,22600,13
920,2022,District Court - South,Cyber Offence,30200,12
921,2022,District Court - North,Cyber Offence,5800,18
922,2022,District Court - Central,NDPS,32400,1
923,2022,District Court - Central,Cheating,20700,31
924,2022,District Court - South,Assault,15000,12
925,2022,District Court - West,Theft,27000,30
926,2022,District Court - South,Domestic Dispute,32900,6
927,2022,District Court - North,Assault,15000,4
928,2022,District Court - North,Theft,7500,27
929,2022,District Court - East,Public Nuisance,7400,42
930,2022,District Court - Central,Cheating,52500,45
931,2022,District Court - South,Theft,8900,1
932,2022,District Court - West,Cyber Offence,4000,19
933,2022,District Court - North,Cyber Offence,3600,11
934,2022,District Court - East,NDPS,10900,30
935,2022,District Court - Central,NDPS,18100,33
936,2022,District Court - South,Theft,6300,25
937,2022,District Court - Central,Theft,14000,14
938,2022,District Court - South,Theft,26300,2
939,2022,District Court - East,Cheating,12400,30
940,2022,District Court - South,Assault,25700,44
941,2022,District Court - Central,Public Nuisance,5600,14
942,2022,District Court - Central,Domestic Dispute,27100,39
943,2022,District Court - East,Public Nuisance,17300,40
944,2022,District Court - Central,Cyber Offence,11800,2
945,2022,District Court - West,Cheating,19300,39
946,2022,District Court - West,Cyber Offence,29700,33
947,2022,District Court - Central,Assault,13500,9
948,2022,District Court - Central,Theft,33000,31
949,2022,District Court - Central,Public Nuisance,13100,1
950,2022,District Court - North,Cyber Offence,8800,23
951,2022,District Court - Central,NDPS,42200,40
952,2022,District Court - South,Assault,13800,25
953,2022,District Court - East,Theft,71300,2
954,2022,District Court - Central,Cyber Offence,38500,13
955,2022,District Court - North,Public Nuisance,68700,8
956,2022,District Court - West,Cyber Offence,29200,2
957,2022,District Court - North,Cyber Offence,8000,17
958,2022,District Court - East,NDPS,64900,10
959,2022,District Court - South,Cheating,15800,18
960,2022,District Court - West,Domestic Dispute,11200,44
961,2022,District Court - South,NDPS,38300,28
962,2022,District Court - South,Domestic Dispute,20800,14
963,2022,District Court - South,Cyber Offence,8000,18
964,2022,District Court - West,Cyber Offence,35800,4
965,2022,District Court - Central,NDPS,69000,1
966,2022,District Court - Central,Cheating,7700,19
967,2022,District Court - West,Assault,11100,14
968,2022,District Court - North,NDPS,23700,12
969,2022,District Court - East,Cheating,10200,8
970,2022,District Court - South,Assault,23800,7
971,2022,District Court - West,Public Nuisance,12600,8
972,2022,District Court - West,Cyber Offence,15300,8
973,2022,District Court - West,Domestic Dispute,31500,2
974,2022,District Court - East,Domestic Dispute,15600,35
975,2022,District Court - West,Domestic Dispute,37400,16
976,2022,District Court - South,Cheating,10700,38
977,2022,District Court - South,Assault,13900,10
978,2022,District Court - West,Theft,53700,6
979,2022,District Court - East,Theft,6000,6
980,2022,District Court - North,Public Nuisance,11600,30
981,2022,District Court - East,Assault,21100,4
982,2022,District Court - East,Theft,55900,8
983,2022,District Court - South,Assault,20700,16
984,2022,District Court - Central,Cyber Offence,16700,8
985,2022,District Court - South,Cyber Offence,21800,26
986,2022,District Court - West,Theft,7400,24
987,2022,District Court - South,Cyber Offence,7000,42
988,2022,District Court - West,Public Nuisance,7600,14
989,2022,District Court - East,Cyber Offence,19300,3
990,2022,District Court - South,Cyber Offence,8400,23
991,2022,District Court - West,Assault,30700,7
992,2022,District Court - East,Theft,29300,17
993,2022,District Court - North,Public Nuisance,18300,18
994,2022,District Court - South,Cyber Offence,7300,27
995,2022,District Court - Central,Public Nuisance,21800,31
996,2022,District Court - West,Assault,10900,37
997,2022,District Court - North,Theft,37500,23
998,2022,District Court - North,Cheating,9500,1
999,2022,District Court - Central,NDPS,24500,10
1000,2022,District Court - East,Public Nuisance,9100,31
1001,2022,District Court - East,NDPS,51400,7
1002,2022,District Court - North,NDPS,8000,40
1003,2022,District Court - Central,Domestic Dispute,4900,33
1004,2022,District Court - Central,Assault,43100,16
1005,2022,District Court - South,Domestic Dispute,25500,27
1006,2022,District Court - Central,NDPS,23700,2
1007,2022,District Court - East,Cheating,8900,32
1008,2022,District Court - Central,Public Nuisance,7200,23
1009,2022,District Court - South,Public Nuisance,8900,35
1010,2022,District Court - South,Public Nuisance,13700,25
1011,2022,District Court - Central,Cheating,20100,34
1012,2022,District Court - Central,Assault,4000,25
1013,2022,District Court - South,Public Nuisance,49900,10
1014,2022,District Court - East,Public Nuisance,19300,42
1015,2022,District Court - North,Domestic Dispute,28000,2
1016,2022,District Court - West,Cheating,16900,42
1017,2022,District Court - West,Theft,22700,24
1018,2022,District Court - East,Cheating,21100,5
1019,2022,District Court - Central,Domestic Dispute,8900,7
1020,2022,District Court - West,Assault,19600,22
1021,2022,District Court - West,Assault,25600,27
1022,2022,District Court - Central,Domestic Dispute,9700,37
1023,2022,District Court - Central,Theft,8900,31
1024,2022,District Court - South,Public Nuisance,59600,20
1025,2022,District Court - North,Domestic Dispute,12300,6
1026,2022,District Court - North,Public Nuisance,13000,26
1027,2022,District Court - Central,Domestic Dispute,22800,14
1028,2022,District Court - North,Public Nuisance,17800,9
1029,2022,District Court - North,Theft,13100,19
1030,2022,District Court - West,NDPS,4000,33
1031,2022,District Court - West,Cyber Offence,9100,26
1032,2022,District Court - West,NDPS,12400,2
1033,2022,District Court - North,Public Nuisance,5600,19
1034,2022,District Court - Central,Public Nuisance,20100,35
1035,2022,District Court - West,Cheating,18500,43
1036,2022,District Court - South,Theft,51000,12
1037,2022,District Court - West,Assault,14900,2
1038,2022,District Court - North,Cheating,5200,31
1039,2022,District Court - East,Theft,8100,16
1040,2022,District Court - South,Public Nuisance,38600,14
1041,2022,District Court - West,Theft,10900,37
1042,2022,District Court - South,Theft,14800,26
1043,2022,District Court - Central,NDPS,25200,29
1044,2022,District Court - North,Cheating,14700,27
1045,2022,District Court - North,Domestic Dispute,9300,33
1046,2022,District Court - South,Cheating,16000,23
1047,2022,District Court - East,NDPS,23000,9
1048,2022,District Court - Central,Cheating,6200,40
1049,2022,District Court - West,Cheating,14700,6
1050,2022,District Court - West,Cyber Offence,8900,14
1051,2022,District Court - North,NDPS,15100,9
1052,2022,District Court - South,NDPS,21900,5
1053,2022,District Court - North,NDPS,4900,28
1054,2022,District Court - East,Public Nuisance,31400,31
1055,2022,District Court - North,Domestic Dispute,7200,18
1056,2022,District Court - South,Cyber Offence,13400,9
1057,2022,District Court - North,Domestic Dispute,20600,6
1058,2022,District Court - North,Cheating,14800,37
1059,2022,District Court - Central,Cheating,8300,39
1060,2022,District Court - Central,Theft,10600,4
1061,2022,District Court - North,Theft,10500,19
1062,2022,District Court - East,Cyber Offence,14500,32
1063,2022,District Court - North,Assault,9800,24
1064,2022,District Court - Central,Cyber Offence,17000,43
1065,2022,District Court - West,Theft,90400,16
1066,2022,District Court - West,Cyber Offence,39300,25
1067,2022,District Court - North,Domestic Dispute,12300,9
1068,2022,District Court - West,Public Nuisance,19400,43
1069,2022,District Court - North,Domestic Dispute,14700,25
1070,2022,District Court - South,Domestic Dispute,27700,44
1071,2022,District Court - East,Cheating,25400,37
1072,2022,District Court - Central,Theft,21100,42
1073,2022,District Court - South,Cyber Offence,19800,42
1074,2022,District Court - South,Cheating,11000,35
1075,2022,District Court - East,Theft,52800,11
1076,2022,District Court - Central,Domestic Dispute,6000,38
1077,2022,District Court - South,NDPS,10800,11
1078,2022,District Court - West,Domestic Dispute,6100,3
1079,2022,District Court - Central,Domestic Dispute,38300,20
1080,2022,District Court - North,Assault,4000,32
1081,2022,District Court - East,Theft,5500,10
1082,2022,District Court - South,Assault,43400,37
1083,2022,District Court - West,Cheating,27300,21
1084,2022,District Court - Central,NDPS,14200,17
1085,2022,District Court - Central,Domestic Dispute,19500,5
1086,2022,District Court - South,Assault,34900,16
1087,2022,District Court - West,Theft,9800,16
1088,2022,District Court - East,Cyber Offence,22800,6
1089,2022,District Court - South,NDPS,33300,10
1090,2022,District Court - South,Cyber Offence,25200,36
1091,2022,District Court - East,NDPS,7900,4
1092,2022,District Court - North,Domestic Dispute,9500,14
1093,2022,District Court - Central,Domestic Dispute,24000,5
1094,2022,District Court - Central,NDPS,21900,33
1095,2022,District Court - West,Cheating,14800,40
1096,2022,District Court - South,Domestic Dispute,39800,1
1097,2022,District Court - West,Theft,8400,5
1098,2022,District Court - South,Cheating,16500,21
1099,2022,District Court - South,Public Nuisance,18300,26
1100,2022,District Court - North,Theft,9600,45
1101,2022,District Court - East,Theft,17000,37
1102,2022,District Court - North,Theft,21200,3
1103,2022,District Court - West,Assault,125800,3
1104,2022,District Court - West,Theft,40700,15
1105,2022,District Court - Central,Assault,41200,10
1106,2022,District Court - Central,Public Nuisance,5900,19
1107,2022,District Court - Central,Cyber Offence,18800,4
1108,2022,District Court - South,Cyber Offence,15100,18
1109,2022,District Court - South,Assault,18800,29
1110,2022,District Court - East,Public Nuisance,14500,21
1111,2022,District Court - North,Cheating,51500,35
1112,2022,District Court - East,Public Nuisance,27000,12
1113,2022,District Court - North,Domestic Dispute,11000,45
1114,2022,District Court - Central,NDPS,22300,17
1115,2022,District Court - South,NDPS,35800,25
1116,2022,District Court - Central,Theft,22600,5
1117,2022,District Court - South,Assault,76400,15
1118,2022,District Court - West,NDPS,14100,13
1119,2022,District Court - Central,NDPS,27200,38
1120,2022,District Court - Central,NDPS,15000,18
1121,2022,District Court - West,Domestic Dispute,16300,23
1122,2022,District Court - Central,NDPS,9800,19
1123,2022,District Court - North,Theft,25600,29
1124,2022,District Court - North,Theft,26900,40
1125,2022,District Court - East,Cheating,27400,37
1126,2022,District Court - East,Theft,17700,17
1127,2022,District Court - Central,NDPS,9900,19
1128,2022,District Court - North,Cheating,16700,21
1129,2022,District Court - Central,Theft,26300,25
1130,2022,District Court - West,Theft,24700,42
1131,2022,District Court - North,Domestic Dispute,9200,32
1132,2022,District Court - West,Cyber Offence,15500,36
1133,2022,District Court - East,Cyber Offence,48300,7
1134,2022,District Court - South,NDPS,12800,34
1135,2022,District Court - Central,Theft,13600,40
1136,2022,District Court - Central,Domestic Dispute,16600,12
1137,2022,District Court - Central,Public Nuisance,14500,1
1138,2022,District Court - West,Assault,14600,31
1139,2022,District Court - South,Assault,12600,20
1140,2022,District Court - East,Theft,28600,2
1141,2022,District Court - East,Theft,33300,31
1142,2022,District Court - Central,Theft,35800,23
1143,2022,District Court - Central,Cyber Offence,18500,19
1144,2022,District Court - East,Assault,12000,36
1145,2022,District Court - East,Cheating,16800,24
1146,2022,District Court - Central,Cyber Offence,10800,6
1147,2022,District Court - East,Public Nuisance,36900,3
1148,2022,District Court - North,Public Nuisance,8500,37
1149,2022,District Court - South,Assault,8900,32
1150,2022,District Court - East,Cheating,21900,23
1151,2022,District Court - North,Public Nuisance,8800,43
1152,2022,District Court - West,Assault,26900,29
1153,2022,District Court - South,NDPS,11800,21
1154,2022,District Court - West,Domestic Dispute,51300,6
1155,2022,District Court - South,Public Nuisance,37200,32
1156,2022,District Court - West,NDPS,9500,25
1157,2022,District Court - Central,Cheating,16900,29
1158,2022,District Court - West,Assault,8700,23
1159,2022,District Court - Central,Cyber Offence,9700,43
1160,2022,District Court - North,Assault,11200,34
1161,2022,District Court - West,NDPS,6300,21
1162,2022,District Court - Central,Theft,5200,33
1163,2022,District Court - South,NDPS,6500,22
1164,2022,District Court - East,Cheating,6400,33
1165,2022,District Court - South,Cyber Offence,4600,12
1166,2022,District Court - South,Cyber Offence,9300,22
1167,2022,District Court - Central,Domestic Dispute,10900,44
1168,2022,District Court - West,NDPS,12200,45
1169,2022,District Court - East,Cyber Offence,23300,24
1170,2022,District Court - West,Cyber Offence,58600,13
1171,2022,District Court - East,NDPS,8700,19
1172,2022,District Court - West,Public Nuisance,9900,17
1173,2022,District Court - South,Cyber Offence,9200,10
1174,2022,District Court - Central,NDPS,8500,43
1175,2022,District Court - South,NDPS,11800,32
1176,2022,District Court - West,NDPS,55100,28
1177,2022,District Court - Central,Cyber Offence,12000,44
1178,2022,District Court - Central,Cheating,8900,45
1179,2022,District Court - West,Cyber Offence,26100,42
1180,2022,District Court - East,Cheating,16900,45
1181,2022,District Court - North,Cheating,27800,17
1182,2022,District Court - East,Assault,3300,15
1183,2022,District Court - North,Cyber Offence,22900,14
1184,2022,District Court - East,Theft,16000,5
1185,2022,District Court - Central,Assault,6000,37
1186,2022,District Court - Central,Cyber Offence,23600,20
1187,2022,District Court - East,Public Nuisance,46900,14
1188,2022,District Court - North,Cyber Offence,34600,26
1189,2022,District Court - East,Public Nuisance,7600,9
1190,2022,District Court - South,Theft,37100,30
1191,2022,District Court - Central,Public Nuisance,8900,41
1192,2022,District Court - West,Assault,12300,9
1193,2022,District Court - Central,Domestic Dispute,21500,41
1194,2022,District Court - North,NDPS,9000,39
1195,2022,District Court - South,Cheating,9700,19
1196,2022,District Court - West,Domestic Dispute,6300,8
1197,2022,District Court - South,NDPS,8100,23
1198,2022,District Court - West,Assault,16600,26
1199,2022,District Court - East,Domestic Dispute,41900,20
1200,2022,District Court - Central,Theft,11700,3
1201,2022,District Court - West,NDPS,9700,41
1202,2022,District Court - South,Domestic Dispute,12000,15
1203,2022,District Court - East,Theft,19400,36
1204,2022,District Court - East,Theft,36100,41
1205,2022,District Court - West,Public Nuisance,16200,28
1206,2022,District Court - South,NDPS,35500,14
1207,2022,District Court - South,Domestic Dispute,21700,16
1208,2022,District Court - West,Cheating,17200,42
1209,2022,District Court - North,Domestic Dispute,21800,5
1210,2022,District Court - East,Cheating,10900,41
1211,2022,District Court - East,NDPS,12200,40
1212,2022,District Court - West,Cheating,4200,12
1213,2022,District Court - Central,Assault,9100,26
1214,2022,District Court - West,Domestic Dispute,6600,17
1215,2022,District Court - North,Cyber Offence,10200,8
1216,2022,District Court - Central,Cheating,15600,25
1217,2022,District Court - West,Cyber Offence,22900,12
1218,2022,District Court - Central,Assault,18100,33
1219,2022,District Court - East,NDPS,33000,5
1220,2022,District Court - North,Cyber Offence,6400,20
1221,2022,District Court - East,Cyber Offence,5300,30
1222,2022,District Court - East,Theft,50200,5
1223,2022,District Court - South,Cheating,32000,30
1224,2022,District Court - North,Cyber Offence,34700,27
1225,2022,District Court - East,Theft,20300,4
1226,2022,District Court - East,Cyber Offence,10900,1
1227,2022,District Court - North,Theft,6700,13
1228,2022,District Court - North,Public Nuisance,7900,18
1229,2022,District Court - North,Theft,23200,30
1230,2022,District Court - East,Cyber Offence,6400,34
1231,2022,District Court - Central,Cyber Offence,10800,31
1232,2022,District Court - West,Theft,19700,1
1233,2022,District Court - West,Cyber Offence,14700,36
1234,2022,District Court - North,Assault,7600,24
1235,2022,District Court - North,NDPS,18800,7
1236,2022,District Court - South,Cheating,17900,28
1237,2022,District Court - North,Theft,18500,18
1238,2022,District Court - West,Cyber Offence,19500,18
1239,2022,District Court - North,NDPS,19800,10
1240,2022,District Court - South,Assault,21600,32
1241,2022,District Court - North,Cheating,13600,45
1242,2022,District Court - East,Cheating,17300,23
1243,2022,District Court - Central,Public Nuisance,9400,41
1244,2022,District Court - Central,NDPS,15000,11
1245,2022,District Court - South,Assault,21500,18
1246,2022,District Court - South,Cheating,6000,27
1247,2022,District Court - South,Assault,11000,15
1248,2022,District Court - West,Cyber Offence,22000,19
1249,2022,District Court - North,Cheating,20500,5
1250,2022,District Court - North,Domestic Dispute,19300,32
1251,2022,District Court - South,Public Nuisance,10900,12
1252,2022,District Court - Central,Cyber Offence,14100,7
1253,2022,District Court - Central,Domestic Dispute,8300,1
1254,2022,District Court - West,NDPS,21200,7
1255,2022,District Court - South,NDPS,16000,40
1256,2022,District Court - West,Cheating,10500,30
1257,2022,District Court - North,Theft,8400,41
1258,2022,District Court - Central,Cheating,30100,41
1259,2022,District Court - West,Domestic Dispute,19400,17
1260,2022,District Court - Central,Cheating,23000,41
1261,2022,District Court - South,Cheating,5500,14
1262,2022,District Court - South,NDPS,36700,12
1263,2022,District Court - West,Cheating,13000,6
1264,2022,District Court - West,Public Nuisance,17200,23
1265,2022,District Court - West,Assault,23600,33
1266,2022,District Court - West,Assault,10300,28
1267,2022,District Court - West,Assault,19400,28
1268,2022,District Court - East,Cheating,23600,1
1269,2022,District Court - Central,Public Nuisance,15100,12
1270,2022,District Court - South,Public Nuisance,13900,34
1271,2022,District Court - West,Public Nuisance,21200,15
1272,2022,District Court - North,NDPS,12100,43
1273,2022,District Court - South,Theft,38800,31
1274,2022,District Court - South,Assault,21800,32
1275,2022,District Court - South,Assault,17300,35
1276,2022,District Court - East,Cyber Offence,10000,7
1277,2022,District Court - South,NDPS,36900,4
1278,2022,District Court - East,Cheating,8600,23
1279,2022,District Court - North,Domestic Dispute,2900,13
1280,2022,District Court - East,Domestic Dispute,28300,19
1281,2022,District Court - Central,Assault,18100,29
1282,2022,District Court - West,Cheating,6000,39
1283,2022,District Court - South,Cheating,22200,40
1284,2022,District Court - West,NDPS,38800,16
1285,2022,District Court - South,Assault,16900,16
1286,2022,District Court - West,Assault,37100,13
1287,2022,District Court - Central,Domestic Dispute,9500,18
1288,2022,District Court - West,Domestic Dispute,15600,23
1289,2022,District Court - South,Cyber Offence,46400,18
1290,2022,District Court - South,Theft,61600,6
1291,2022,District Court - South,Theft,53400,16
1292,2022,District Court - Central,Public Nuisance,127900,14
1293,2022,District Court - West,Public Nuisance,14700,42
1294,2022,District Court - North,Assault,17200,13
1295,2022,District Court - South,Cheating,5700,1
1296,2022,District Court - East,Cheating,13400,21
1297,2022,District Court - South,Domestic Dispute,11700,38
1298,2022,District Court - East,Assault,12300,28
1299,2022,District Court - Central,NDPS,32000,39
1300,2022,District Court - North,Cheating,11000,21
1301,2022,District Court - South,Domestic Dispute,36100,18
1302,2022,District Court - North,Assault,9100,41
1303,2022,District Court - South,Assault,9200,17
1304,2022,District Court - Central,Theft,6300,14
1305,2022,District Court - South,Theft,12900,1
1306,2022,District Court - East,Domestic Dispute,36000,5
1307,2022,District Court - South,NDPS,38800,1
1308,2022,District Court - East,Cheating,24200,25
1309,2022,District Court - South,Theft,22900,27
1310,2022,District Court - East,Assault,37800,43
1311,2022,District Court - West,Assault,38900,5
1312,2022,District Court - Central,Domestic Dispute,16300,1
1313,2022,District Court - Central,Assault,9700,17
1314,2022,District Court - Central,Cheating,45800,12
1315,2022,District Court - West,Assault,14500,23
1316,2022,District Court - Central,Domestic Dispute,6800,17
1317,2022,District Court - South,NDPS,27100,16
1318,2022,District Court - North,Public Nuisance,12400,20
1319,2022,District Court - West,Cyber Offence,9900,7
1320,2022,District Court - Central,Domestic Dispute,25800,37
1321,2022,District Court - West,Assault,11300,2
1322,2022,District Court - South,Public Nuisance,17900,17
1323,2022,District Court - Central,Assault,11900,8
1324,2022,District Court - West,Theft,18100,38
1325,2022,District Court - South,Cheating,29800,17
1326,2022,District Court - West,Theft,17900,35
1327,2022,District Court - South,Cyber Offence,2600,15
1328,2022,District Court - North,Domestic Dispute,23600,24
1329,2022,District Court - West,Domestic Dispute,12600,43
1330,2022,District Court - East,Cyber Offence,30600,32
1331,2022,District Court - South,NDPS,18000,35
1332,2022,District Court - West,Cheating,54400,6
1333,2022,District Court - East,Cheating,14300,38
1334,2022,District Court - South,Cyber Offence,12700,44
1335,2022,District Court - West,Theft,59200,10
1336,2022,District Court - North,NDPS,10100,8
1337,2022,District Court - Central,Public Nuisance,24900,14
1338,2022,District Court - East,Domestic Dispute,19400,8
1339,2022,District Court - South,Cyber Offence,12400,8
1340,2022,District Court - North,Theft,25300,33
1341,2022,District Court - South,Cyber Offence,13500,9
1342,2022,District Court - West,Domestic Dispute,14900,32
1343,2022,District Court - Central,Cyber Offence,24800,38
1344,2022,District Court - East,Assault,12500,12
1345,2022,District Court - East,Cheating,26800,6
1346,2022,District Court - Central,Domestic Dispute,37700,43
1347,2022,District Court - West,Cyber Offence,7000,38
1348,2022,District Court - Central,Cheating,21800,13
1349,2022,District Court - South,Public Nuisance,5100,37
1350,2022,District Court - South,Cheating,15100,40
1351,2022,District Court - South,Assault,29300,7
1352,2022,District Court - South,Cyber Offence,13900,35
1353,2022,District Court - North,Domestic Dispute,15700,1
1354,2022,District Court - West,Assault,33000,31
1355,2022,District Court - North,Cheating,13400,41
1356,2022,District Court - Central,Public Nuisance,23800,45
1357,2022,District Court - South,Public Nuisance,10500,1
1358,2022,District Court - East,Domestic Dispute,32900,41
1359,2022,District Court - North,Public Nuisance,44700,44
1360,2022,District Court - East,Cyber Offence,40500,35
1361,2022,District Court - North,Cyber Offence,8600,23
1362,2022,District Court - Central,Domestic Dispute,60000,32
1363,2022,District Court - North,Theft,24800,4
1364,2022,District Court - North,NDPS,34500,15
1365,2022,District Court - East,Cheating,9200,3
1366,2022,District Court - Central,NDPS,33400,35
1367,2022,District Court - Central,Theft,14300,4
1368,2022,District Court - North,Domestic Dispute,21400,37
1369,2022,District Court - East,NDPS,52700,15
1370,2022,District Court - Central,Cyber Offence,22500,10
1371,2022,District Court - Central,Domestic Dispute,24400,40
1372,2022,District Court - West,Theft,39700,6
1373,2022,District Court - Central,NDPS,22300,41
1374,2022,District Court - North,NDPS,65900,45
1375,2022,District Court - South,Public Nuisance,19900,23
1376,2022,District Court - West,Cyber Offence,9200,39
1377,2022,District Court - West,Cheating,35600,44
1378,2022,District Court - West,Cyber Offence,33800,2
1379,2022,District Court - North,Cyber Offence,9000,41
1380,2022,District Court - North,NDPS,18600,26
1381,2022,District Court - North,Assault,12300,38
1382,2022,District Court - Central,Public Nuisance,5900,43
1383,2022,District Court - West,NDPS,8300,12
1384,2022,District Court - Central,Cheating,7800,11
1385,2022,District Court - West,Public Nuisance,10900,33
1386,2022,District Court - Central,Public Nuisance,25000,41
1387,2022,District Court - East,Cyber Offence,4800,5
1388,2022,District Court - Central,Cheating,6500,34
1389,2022,District Court - Central,NDPS,5500,40
1390,2022,District Court - South,Cyber Offence,9300,39
1391,2022,District Court - Central,Cyber Offence,12200,41
1392,2022,District Court - East,Cheating,28200,18
1393,2022,District Court - South,Assault,11800,6
1394,2022,District Court - North,Assault,12800,5
1395,2022,District Court - Central,Cyber Offence,24300,33
1396,2022,District Court - East,Cyber Offence,22500,40
1397,2022,District Court - Central,Cyber Offence,19500,30
1398,2022,District Court - West,Public Nuisance,18200,33
1399,2022,District Court - West,Assault,4900,28
1400,2022,District Court - North,Cyber Offence,9000,16
1401,2022,District Court - West,Public Nuisance,35800,10
1402,2022,District Court - East,Theft,12700,18
1403,2022,District Court - West,Theft,13400,21
1404,2022,District Court - East,Cheating,27400,15
1405,2022,District Court - East,Assault,16700,37
1406,2022,District Court - Central,Domestic Dispute,11700,37
1407,2022,District Court - Central,Cyber Offence,7900,11
1408,2022,District Court - Central,Assault,25200,18
1409,2022,District Court - West,Cyber Offence,15900,4
1410,2022,District Court - South,Theft,6100,21
1411,2022,District Court - East,Cheating,22800,21
1412,2022,District Court - North,Cheating,4000,3
1413,2022,District Court - Central,Assault,6900,35
1414,2022,District Court - Central,NDPS,33300,9
1415,2022,District Court - West,Cyber Offence,55300,24
1416,2022,District Court - South,Domestic Dispute,56500,6
1417,2022,District Court - South,NDPS,28400,34
1418,2022,District Court - West,Theft,13000,7
1419,2022,District Court - Central,NDPS,36600,18
1420,2022,District Court - East,Domestic Dispute,9000,19
1421,2022,District Court - South,Assault,16200,40
1422,2022,District Court - East,Cyber Offence,11900,4
1423,2022,District Court - North,Cheating,6900,25
1424,2022,District Court - North,Domestic Dispute,10000,11
1425,2022,District Court - Central,Public Nuisance,23200,44
1426,2022,District Court - Central,Cyber Offence,14600,30
1427,2022,District Court - Central,Assault,10800,15
1428,2022,District Court - North,Cyber Offence,11700,28
1429,2022,District Court - East,Cyber Offence,36700,7
1430,2022,District Court - Central,Public Nuisance,8600,3
1431,2022,District Court - Central,Assault,48400,15
1432,2022,District Court - Central,Domestic Dispute,8700,35
1433,2022,District Court - North,NDPS,43000,25
1434,2022,District Court - Central,NDPS,21000,24
1435,2022,District Court - West,NDPS,12000,32
1436,2022,District Court - West,NDPS,13500,36
1437,2022,District Court - North,Public Nuisance,8300,9
1438,2022,District Court - North,Assault,24400,8
1439,2022,District Court - East,Cyber Offence,87000,34
1440,2022,District Court - South,NDPS,17500,36
1441,2022,District Court - East,Cheating,26700,12
1442,2022,District Court - South,Public Nuisance,24200,4
1443,2022,District Court - South,Cheating,19800,9
1444,2022,District Court - West,Public Nuisance,25700,43
1445,2022,District Court - North,Theft,20400,37
1446,2022,District Court - East,Public Nuisance,14800,26
1447,2022,District Court - South,NDPS,14300,2
1448,2022,District Court - South,Assault,20000,12
1449,2022,District Court - West,Theft,47600,36
1450,2022,District Court - North,Cheating,16600,13
1451,2022,District Court - Central,Cyber Offence,42600,21
1452,2022,District Court - North,Cheating,68800,15
1453,2022,District Court - North,Cyber Offence,32900,28
1454,2022,District Court - West,NDPS,12100,21
1455,2022,District Court - Central,NDPS,9100,24
1456,2022,District Court - South,NDPS,8300,38
1457,2022,District Court - Central,Theft,25500,18
1458,2022,District Court - East,Assault,14700,31
1459,2022,District Court - North,Theft,25900,23
1460,2022,District Court - North,Cheating,14500,2
1461,2022,District Court - Central,Cheating,12300,5
1462,2022,District Court - North,NDPS,26900,42
1463,2022,District Court - North,Assault,3800,33
1464,2022,District Court - South,Domestic Dispute,18200,26
1465,2022,District Court - Central,Theft,14900,30
1466,2022,District Court - North,NDPS,13600,38
1467,2022,District Court - Central,NDPS,25100,8
1468,2022,District Court - South,Public Nuisance,13300,39
1469,2022,District Court - West,NDPS,16100,15
1470,2022,District Court - Central,Public Nuisance,11000,25
1471,2022,District Court - North,NDPS,17700,21
1472,2022,District Court - East,Domestic Dispute,8400,22
1473,2022,District Court - South,Domestic Dispute,9400,19
1474,2022,District Court - Central,Domestic Dispute,60300,43
1475,2022,District Court - Central,Cyber Offence,18700,16
1476,2022,District Court - North,Domestic Dispute,14900,5
1477,2022,District Court - West,Domestic Dispute,12600,17
1478,2022,District Court - West,Cheating,25200,11
1479,2022,District Court - Central,Theft,19600,2
1480,2022,District Court - Central,Cyber Offence,20000,8
1481,2022,District Court - West,Domestic Dispute,9300,2
1482,2022,District Court - East,NDPS,4700,29
1483,2022,District Court - East,NDPS,37500,40
1484,2022,District Court - Central,NDPS,37100,19
1485,2022,District Court - North,Cheating,12000,19
1486,2022,District Court - West,Domestic Dispute,34200,16
1487,2022,District Court - South,Domestic Dispute,16100,33
1488,2022,District Court - East,Cheating,12200,5
1489,2022,District Court - West,Cheating,18600,22
1490,2022,District Court - East,Assault,30700,2
1491,2022,District Court - Central,Cyber Offence,17600,14
1492,2022,District Court - West,Cyber Offence,10400,38
1493,2022,District Court - East,NDPS,14000,15
1494,2022,District Court - South,Cyber Offence,44500,9
1495,2022,District Court - North,Domestic Dispute,41800,17
1496,2022,District Court - North,NDPS,25300,20
1497,2022,District Court - South,Cyber Offence,17700,25
1498,2022,District Court - Central,Cyber Offence,8700,45
1499,2022,District Court - Central,Domestic Dispute,4000,33
1500,2022,District Court - East,NDPS,34400,10
1501,2022,District Court - South,Cheating,7700,39
1502,2022,District Court - North,Cheating,9600,44
1503,2022,District Court - Central,NDPS,6400,14
1504,2022,District Court - East,Assault,8000,16
1505,2022,District Court - East,Public Nuisance,17700,12
1506,2022,District Court - North,Theft,8400,20
1507,2022,District Court - West,NDPS,38900,31
1508,2022,District Court - South,Domestic Dispute,40400,13
1509,2022,District Court - West,Cyber Offence,19300,38
1510,2022,District Court - East,NDPS,9900,35
1511,2022,District Court - West,Assault,18900,7
1512,2022,District Court - Central,Public Nuisance,15700,38
1513,2022,District Court - South,Assault,26800,38
1514,2022,District Court - Central,Public Nuisance,27900,7
1515,2022,District Court - North,Cyber Offence,16700,44
1516,2022,District Court - South,Public Nuisance,14100,21
1517,2022,District Court - North,Cheating,17600,24
1518,2022,District Court - West,Domestic Dispute,24900,18
1519,2022,District Court - East,Theft,3800,5
1520,2022,District Court - South,Assault,7400,1
1521,2022,District Court - South,Theft,42200,40
1522,2022,District Court - Central,Domestic Dispute,10300,21
1523,2022,District Court - West,Assault,11100,23
1524,2022,District Court - East,Domestic Dispute,2800,4
1525,2022,District Court - East,NDPS,11600,1
1526,2022,District Court - East,Public Nuisance,11300,14
1527,2022,District Court - Central,Domestic Dispute,15800,24
1528,2022,District Court - Central,Cheating,9800,44
1529,2022,District Court - South,NDPS,5300,10
1530,2022,District Court - West,Domestic Dispute,14400,34
1531,2022,District Court - East,Cheating,32900,10
1532,2022,District Court - Central,Domestic Dispute,24100,5
1533,2022,District Court - Central,Public Nuisance,23600,24
1534,2022,District Court - West,Public Nuisance,12000,17
1535,2022,District Court - North,NDPS,18100,25
1536,2022,District Court - East,Theft,7000,14
1537,2022,District Court - East,Cheating,7200,30
1538,2022,District Court - Central,Public Nuisance,9300,45
1539,2022,District Court - South,Cyber Offence,17100,28
1540,2022,District Court - West,Theft,4900,27
1541,2022,District Court - East,Public Nuisance,13900,18
1542,2022,District Court - East,Public Nuisance,23500,35
1543,2022,District Court - North,Cheating,15700,11
1544,2022,District Court - East,Cheating,65500,19
1545,2022,District Court - North,Cheating,45100,21
1546,2022,District Court - North,Assault,55300,19
1547,2022,District Court - South,Cyber Offence,19000,44
1548,2022,District Court - Central,Public Nuisance,7900,39
1549,2022,District Court - West,Cyber Offence,15200,43
1550,2022,District Court - Central,Cyber Offence,3100,17
1551,2022,District Court - West,Public Nuisance,18400,4
1552,2022,District Court - South,Cheating,7300,16
1553,2022,District Court - South,Assault,19300,1
1554,2022,District Court - Central,Cyber Offence,25000,32
1555,2022,District Court - West,Domestic Dispute,5700,9
1556,2022,District Court - Central,Theft,20100,28
1557,2022,District Court - South,Cyber Offence,22900,45
1558,2022,District Court - South,Assault,6000,13
1559,2022,District Court - West,Domestic Dispute,17100,16
1560,2022,District Court - North,Domestic Dispute,13200,41
1561,2022,District Court - West,NDPS,12900,41
1562,2022,District Court - East,Assault,21600,3
1563,2022,District Court - South,NDPS,12400,4
1564,2022,District Court - West,Domestic Dispute,16100,41
1565,2022,District Court - North,Cyber Offence,13700,35
1566,2022,District Court - West,Domestic Dispute,11800,19
1567,2022,District Court - Central,Cyber Offence,10500,30
1568,2022,District Court - West,Domestic Dispute,4700,8
1569,2022,District Court - North,Public Nuisance,5300,2
1570,2022,District Court - South,Assault,35900,26
1571,2022,District Court - West,Public Nuisance,31000,29
1572,2022,District Court - West,Cyber Offence,13200,42
1573,2022,District Court - East,Public Nuisance,15500,13
1574,2022,District Court - Central,NDPS,4700,5
1575,2022,District Court - South,Cyber Offence,51400,9
1576,2022,District Court - Central,Assault,5600,18
1577,2022,District Court - Central,Theft,23400,28
1578,2022,District Court - East,Cyber Offence,33700,25
1579,2022,District Court - East,Theft,7300,42
1580,2022,District Court - South,Assault,25300,12
1581,2022,District Court - South,Domestic Dispute,20500,44
1582,2022,District Court - North,Cyber Offence,19800,20
1583,2022,District Court - West,Cyber Offence,19200,28
1584,2022,District Court - North,Cheating,9700,13
1585,2022,District Court - West,Theft,12700,29
1586,2022,District Court - East,Assault,26100,25
1587,2022,District Court - West,Cyber Offence,17500,9
1588,2022,District Court - North,Cheating,18100,19
1589,2022,District Court - Central,NDPS,11400,24
1590,2022,District Court - West,Domestic Dispute,21000,5
1591,2022,District Court - East,Public Nuisance,8800,4
1592,2022,District Court - West,Cheating,8000,16
1593,2022,District Court - South,Cheating,13900,12
1594,2022,District Court - East,Assault,10000,33
1595,2022,District Court - West,Theft,8900,4
1596,2022,District Court - East,Domestic Dispute,37500,40
1597,2022,District Court - South,Cheating,29800,42
1598,2022,District Court - Central,Assault,13300,35
1599,2022,District Court - West,Public Nuisance,28700,31
1600,2022,District Court - North,Assault,31700,19
1601,2022,District Court - East,Cyber Offence,5400,29
1602,2022,District Court - West,Domestic Dispute,12900,35
1603,2022,District Court - West,Cheating,25100,39
1604,2022,District Court - South,Public Nuisance,48700,5
1605,2022,District Court - East,NDPS,7300,9
1606,2022,District Court - West,NDPS,7500,36
1607,2022,District Court - Central,Domestic Dispute,25500,22
1608,2022,District Court - North,Domestic Dispute,17200,40
1609,2022,District Court - East,Cyber Offence,24500,34
1610,2022,District Court - Central,Assault,17300,11
1611,2022,District Court - North,Public Nuisance,21300,29
1612,2022,District Court - West,Domestic Dispute,59600,30
1613,2022,District Court - South,Theft,23100,11
1614,2022,District Court - East,Assault,15100,22
1615,2022,District Court - West,Assault,18800,37
1616,2022,District Court - Central,Public Nuisance,14500,39
1617,2022,District Court - North,Theft,6600,4
1618,2022,District Court - North,Cyber Offence,7000,23
1619,2022,District Court - Central,Public Nuisance,2700,4
1620,2022,District Court - Central,Public Nuisance,38900,26
1621,2022,District Court - East,NDPS,10500,12
1622,2022,District Court - Central,Assault,21300,15
1623,2022,District Court - Central,Public Nuisance,6400,19
1624,2022,District Court - North,Public Nuisance,25700,9
1625,2022,District Court - South,NDPS,12100,18
1626,2022,District Court - Central,Theft,21700,18
1627,2022,District Court - South,Domestic Dispute,6500,27
1628,2022,District Court - South,Public Nuisance,16700,45
1629,2022,District Court - East,Assault,46000,12
1630,2022,District Court - Central,Public Nuisance,15000,16
1631,2022,District Court - North,Cyber Offence,14700,1
1632,2022,District Court - West,Cyber Offence,30800,39
1633,2022,District Court - Central,Cyber Offence,17600,22
1634,2022,District Court - North,Domestic Dispute,21600,21
1635,2022,District Court - South,Assault,34900,40
1636,2022,District Court - West,Cyber Offence,21500,7
1637,2022,District Court - South,NDPS,5700,29
1638,2022,District Court - East,Cheating,8600,1
1639,2022,District Court - East,Cheating,17000,45
1640,2022,District Court - South,Theft,17000,23
1641,2022,District Court - South,Assault,19200,42
1642,2022,District Court - West,Domestic Dispute,13600,45
1643,2022,District Court - East,Public Nuisance,10300,10
1644,2022,District Court - Central,Domestic Dispute,28300,3
1645,2022,District Court - West,Domestic Dispute,12500,20
1646,2022,District Court - Central,Assault,65100,18
1647,2022,District Court - North,Public Nuisance,29600,33
1648,2022,District Court - West,NDPS,59700,45
1649,2022,District Court - West,Assault,9100,40
1650,2022,District Court - South,NDPS,12900,8
1651,2022,District Court - West,Assault,8700,25
1652,2022,District Court - West,Theft,39800,26
1653,2022,District Court - Central,Theft,20800,27
1654,2022,District Court - East,Public Nuisance,25500,12
1655,2022,District Court - North,Public Nuisance,56800,25
1656,2022,District Court - South,Cheating,10900,2
1657,2022,District Court - North,Cheating,10200,19
1658,2022,District Court - North,Domestic Dispute,19300,34
1659,2022,District Court - South,NDPS,32800,1
1660,2022,District Court - North,Cyber Offence,31600,17
1661,2022,District Court - Central,Cheating,11500,19
1662,2022,District Court - South,Cheating,5800,42
1663,2022,District Court - Central,Theft,4000,25
1664,2022,District Court - North,Assault,11200,26
1665,2022,District Court - North,Domestic Dispute,30300,22
1666,2022,District Court - Central,Theft,9200,25
1667,2022,District Court - Central,Cyber Offence,8500,18
1668,2022,District Court - East,Public Nuisance,5700,13
1669,2022,District Court - South,Theft,16500,22
1670,2022,District Court - North,Cheating,11100,3
1671,2022,District Court - North,Domestic Dispute,10900,28
1672,2022,District Court - North,Public Nuisance,8800,20
1673,2022,District Court - West,NDPS,17900,29
1674,2022,District Court - South,Assault,3300,37
1675,2022,District Court - South,Cheating,23100,42
1676,2022,District Court - Central,Theft,3800,33
1677,2022,District Court - North,Public Nuisance,29500,17
1678,2022,District Court - Central,Public Nuisance,19000,27
1679,2022,District Court - West,Public Nuisance,31900,12
1680,2022,District Court - South,Cheating,9600,9
1681,2022,District Court - South,Public Nuisance,7900,10
1682,2022,District Court - West,Cyber Offence,34600,6
1683,2022,District Court - Central,Public Nuisance,75600,19
1684,2022,District Court - East,NDPS,10900,4
1685,2022,District Court - East,Cyber Offence,11600,43
1686,2022,District Court - West,Cheating,13500,18
1687,2022,District Court - West,Theft,5400,32
1688,2022,District Court - South,Cyber Offence,11900,42
1689,2022,District Court - West,Domestic Dispute,19100,45
1690,2022,District Court - South,Public Nuisance,18600,24
1691,2022,District Court - Central,NDPS,7900,18
1692,2022,District Court - West,Cheating,20300,31
1693,2022,District Court - North,Domestic Dispute,7300,14
1694,2022,District Court - South,Cheating,9500,23
1695,2022,District Court - North,Cyber Offence,13600,33
1696,2022,District Court - West,Domestic Dispute,4900,39
1697,2022,District Court - North,Domestic Dispute,42500,29
1698,2022,District Court - West,Cheating,20100,12
1699,2022,District Court - South,Cheating,22700,27
1700,2022,District Court - West,Public Nuisance,62700,43
1701,2022,District Court - East,NDPS,6700,41
1702,2022,District Court - Central,Public Nuisance,11400,38
1703,2022,District Court - West,Cyber Offence,10400,3
1704,2022,District Court - West,Public Nuisance,14400,35
1705,2022,District Court - West,Cyber Offence,15900,30
1706,2022,District Court - Central,Theft,20600,40
1707,2022,District Court - South,Cyber Offence,16200,18
1708,2022,District Court - Central,Public Nuisance,15800,32
1709,2022,District Court - West,NDPS,24100,22
1710,2022,District Court - South,Cyber Offence,5300,22
1711,2022,District Court - West,Cheating,6000,3
1712,2022,District Court - South,Theft,50300,38
1713,2022,District Court - Central,Domestic Dispute,17400,15
1714,2022,District Court - North,Theft,11500,41
1715,2022,District Court - North,Cyber Offence,3200,26
1716,2022,District Court - Central,Assault,23900,5
1717,2022,District Court - East,Assault,47100,34
1718,2022,District Court - West,NDPS,19600,7
1719,2022,District Court - East,Assault,29400,34
1720,2022,District Court - South,Theft,18600,33
1721,2022,District Court - East,Cyber Offence,9200,6
1722,2022,District Court - East,Cheating,27300,41
1723,2022,District Court - Central,Cyber Offence,9700,41
1724,2022,District Court - Central,NDPS,27000,4
1725,2022,District Court - East,Assault,23500,28
1726,2022,District Court - East,Cyber Offence,5300,31
1727,2022,District Court - North,Public Nuisance,23100,11
1728,2022,District Court - West,Domestic Dispute,12900,6
1729,2022,District Court - East,NDPS,12200,8
1730,2022,District Court - North,Cyber Offence,12900,38
1731,2022,District Court - West,Cyber Offence,10400,8
1732,2022,District Court - Central,Public Nuisance,30600,22
1733,2022,District Court - West,Theft,4100,35
1734,2022,District Court - Central,Assault,20800,8
1735,2022,District Court - South,Cheating,6700,14
1736,2022,District Court - East,Public Nuisance,12500,27
1737,2022,District Court - Central,Assault,6300,29
1738,2022,District Court - Central,Theft,27200,5
1739,2022,District Court - East,Domestic Dispute,61500,22
1740,2022,District Court - North,Cyber Offence,15800,16
1741,2022,District Court - East,Theft,8500,31
1742,2022,District Court - North,Public Nuisance,7800,6
1743,2022,District Court - Central,Assault,10200,34
1744,2022,District Court - North,NDPS,24900,20
1745,2022,District Court - South,Domestic Dispute,6900,32
1746,2022,District Court - North,Cyber Offence,42300,33
1747,2022,District Court - Central,Theft,13100,2
1748,2022,District Court - South,Public Nuisance,17300,25
1749,2022,District Court - North,Cheating,29900,16
1750,2022,District Court - Central,Domestic Dispute,35100,38
1751,2022,District Court - East,Domestic Dispute,22100,28
1752,2022,District Court - West,Assault,11800,6
1753,2022,District Court - East,NDPS,21600,32
1754,2022,District Court - South,Theft,9500,20
1755,2022,District Court - South,NDPS,11600,30
1756,2022,District Court - West,Assault,22400,40
1757,2022,District Court - Central,NDPS,7600,14
1758,2022,District Court - South,NDPS,38400,19
1759,2022,District Court - North,Domestic Dispute,8600,8
1760,2022,District Court - Central,Public Nuisance,21700,16
1761,2022,District Court - North,NDPS,26100,45
1762,2022,District Court - Central,Cheating,28100,3
1763,2022,District Court - South,Cheating,9100,16
1764,2022,District Court - North,Cyber Offence,8800,17
1765,2022,District Court - West,Domestic Dispute,5700,39
1766,2022,District Court - West,Theft,3100,17
1767,2022,District Court - North,Cyber Offence,13000,11
1768,2022,District Court - Central,Domestic Dispute,13800,4
1769,2022,District Court - East,Public Nuisance,14200,26
1770,2022,District Court - East,Assault,21300,30
1771,2022,District Court - South,Domestic Dispute,21500,9
1772,2022,District Court - East,Cheating,18600,43
1773,2022,District Court - South,Public Nuisance,8400,27
1774,2022,District Court - Central,Theft,18800,1
1775,2022,District Court - North,Theft,20400,41
1776,2022,District Court - South,Domestic Dispute,22100,27
1777,2022,District Court - North,NDPS,19000,30
1778,2022,District Court - East,Cheating,32600,1
1779,2022,District Court - West,Public Nuisance,40700,7
1780,2022,District Court - North,Cheating,6100,6
1781,2022,District Court - West,Assault,7000,22
1782,2022,District Court - South,Cheating,13500,13
1783,2022,District Court - South,Theft,5300,20
1784,2023,District Court - North,Public Nuisance,24900,8
1785,2023,District Court - Central,Public Nuisance,57800,23
1786,2023,District Court - East,Assault,6000,45
1787,2023,District Court - West,Cyber Offence,20400,15
1788,2023,District Court - East,Public Nuisance,14300,43
1789,2023,District Court - Central,Public Nuisance,3200,42
1790,2023,District Court - West,Cyber Offence,44900,42
1791,2023,District Court - West,Assault,7000,38
1792,2023,District Court - South,Cheating,18800,3
1793,2023,District Court - East,Cyber Offence,21200,39
1794,2023,District Court - Central,Theft,10700,27
1795,2023,District Court - South,Public Nuisance,21400,4
1796,2023,District Court - West,Theft,50100,31
1797,2023,District Court - South,NDPS,5900,28
1798,2023,District Court - North,Theft,28000,30
1799,2023,District Court - West,Cheating,30200,41
1800,2023,District Court - South,Cyber Offence,8900,20
1801,2023,District Court - West,Cheating,21300,37
1802,2023,District Court - West,Public Nuisance,8700,42
1803,2023,District Court - South,Public Nuisance,17400,25
1804,2023,District Court - North,Assault,24000,21
1805,2023,District Court - East,Cheating,4600,9
1806,2023,District Court - East,Assault,9200,26
1807,2023,District Court - Central,Cheating,43700,2
1808,2023,District Court - Central,Cyber Offence,12300,30
1809,2023,District Court - East,Domestic Dispute,28100,41
1810,2023,District Court - East,Theft,26700,4
1811,2023,District Court - South,Cyber Offence,10100,34
1812,2023,District Court - South,Assault,18100,7
1813,2023,District Court - South,Theft,10200,4
1814,2023,District Court - Central,Theft,15800,6
1815,2023,District Court - North,Theft,20700,41
1816,2023,District Court - Central,Assault,14300,27
1817,2023,District Court - Central,Cyber Offence,6000,27
1818,2023,District Court - North,Theft,19400,22
1819,2023,District Court - North,Cheating,15300,17
1820,2023,District Court - South,NDPS,16800,12
1821,2023,District Court - Central,Theft,22500,25
1822,2023,District Court - Central,Assault,25200,41
1823,2023,District Court - North,Domestic Dispute,11600,20
1824,2023,District Court - East,Assault,25200,21
1825,2023,District Court - Central,Theft,20000,8
1826,2023,District Court - Central,Cyber Offence,32000,1
1827,2023,District Court - North,Assault,14400,17
1828,2023,District Court - North,Theft,11300,11
1829,2023,District Court - South,Cheating,23800,40
1830,2023,District Court - West,NDPS,24300,11
1831,2023,District Court - Central,Theft,24700,21
1832,2023,District Court - South,Theft,13800,8
1833,2023,District Court - West,Cheating,26200,35
1834,2023,District Court - Central,Cheating,12900,28
1835,2023,District Court - West,Cyber Offence,41100,29
1836,2023,District Court - East,Domestic Dispute,19300,2
1837,2023,District Court - North,Public Nuisance,39700,41
1838,2023,District Court - South,Domestic Dispute,23200,38
1839,2023,District Court - South,NDPS,71000,9
1840,2023,District Court - North,Public Nuisance,12400,10
1841,2023,District Court - North,NDPS,25400,35
1842,2023,District Court - Central,Theft,21100,34
1843,2023,District Court - North,Domestic Dispute,5700,42
1844,2023,District Court - East,Domestic Dispute,15400,10
1845,2023,District Court - Central,NDPS,22100,1
1846,2023,District Court - West,Cheating,14000,29
1847,2023,District Court - South,Domestic Dispute,54700,7
1848,2023,District Court - West,Cyber Offence,14500,7
1849,2023,District Court - South,Public Nuisance,25900,42
1850,2023,District Court - West,Public Nuisance,13400,7
1851,2023,District Court - West,Theft,16800,18
1852,2023,District Court - Central,Theft,14900,35
1853,2023,District Court - East,Public Nuisance,90800,12
1854,2023,District Court - South,NDPS,18000,21
1855,2023,District Court - East,Cyber Offence,36500,26
1856,2023,District Court - East,Cyber Offence,36500,38
1857,2023,District Court - Central,Public Nuisance,17900,4
1858,2023,District Court - East,Domestic Dispute,53000,28
1859,2023,District Court - North,Theft,16700,23
1860,2023,District Court - South,Cheating,81400,5
1861,2023,District Court - West,Domestic Dispute,17000,37
1862,2023,District Court - West,Assault,9600,18
1863,2023,District Court - West,Assault,7500,8
1864,2023,District Court - South,Cyber Offence,4900,10
1865,2023,District Court - Central,Theft,83800,36
1866,2023,District Court - West,Domestic Dispute,22200,18
1867,2023,District Court - North,NDPS,23200,3
1868,2023,District Court - East,Public Nuisance,49200,41
1869,2023,District Court - South,Assault,28900,44
1870,2023,District Court - Central,Cheating,23100,31
1871,2023,District Court - East,Domestic Dispute,10900,17
1872,2023,District Court - South,Public Nuisance,24700,22
1873,2023,District Court - South,Domestic Dispute,29400,34
1874,2023,District Court - West,Domestic Dispute,16500,24
1875,2023,District Court - Central,Cyber Offence,11800,43
1876,2023,District Court - West,Cyber Offence,11500,13
1877,2023,District Court - East,Public Nuisance,11400,2
1878,2023,District Court - West,Assault,7500,45
1879,2023,District Court - West,Public Nuisance,13200,42
1880,2023,District Court - Central,Cheating,21700,4
1881,2023,District Court - North,Domestic Dispute,13200,5
1882,2023,District Court - South,Public Nuisance,37000,21
1883,2023,District Court - East,Public Nuisance,15500,34
1884,2023,District Court - South,Cyber Offence,13400,37
1885,2023,District Court - Central,Theft,13100,34
1886,2023,District Court - East,Theft,16800,43
1887,2023,District Court - East,Cyber Offence,19800,35
1888,2023,District Court - South,Public Nuisance,15900,8
1889,2023,District Court - North,Assault,17700,29
1890,2023,District Court - East,Theft,12800,3
1891,2023,District Court - Central,Theft,19200,20
1892,2023,District Court - North,Cyber Offence,6300,19
1893,2023,District Court - North,Assault,42500,42
1894,2023,District Court - Central,Cheating,11800,42
1895,2023,District Court - East,Cheating,10500,41
1896,2023,District Court - North,Domestic Dispute,26200,36
1897,2023,District Court - South,Cheating,36400,22
1898,2023,District Court - Central,Cyber Offence,12200,24
1899,2023,District Court - South,Cyber Offence,5700,12
1900,2023,District Court - West,Cheating,40300,25
1901,2023,District Court - West,Cyber Offence,34600,37
1902,2023,District Court - South,NDPS,13000,22
1903,2023,District Court - East,Domestic Dispute,7900,11
1904,2023,District Court - South,Assault,8000,10
1905,2023,District Court - Central,NDPS,16600,35
1906,2023,District Court - South,Assault,16800,12
1907,2023,District Court - North,Cheating,15900,4
1908,2023,District Court - North,Theft,8900,6
1909,2023,District Court - East,Cyber Offence,30500,18
1910,2023,District Court - South,Cheating,45100,7
1911,2023,District Court - North,Public Nuisance,16000,45
1912,2023,District Court - West,Cheating,93300,3
1913,2023,District Court - East,Cyber Offence,6700,26
1914,2023,District Court - West,Theft,27900,20
1915,2023,District Court - South,Assault,18400,21
1916,2023,District Court - North,Public Nuisance,10600,10
1917,2023,District Court - West,Cyber Offence,13500,25
1918,2023,District Court - West,Assault,5400,20
1919,2023,District Court - Central,Cheating,19800,22
1920,2023,District Court - North,Cheating,14600,17
1921,2023,District Court - North,Cheating,9000,27
1922,2023,District Court - Central,Domestic Dispute,40400,18
1923,2023,District Court - East,Theft,19300,12
1924,2023,District Court - North,Cheating,15000,28
1925,2023,District Court - West,Cheating,17800,11
1926,2023,District Court - North,Domestic Dispute,40600,40
1927,2023,District Court - East,Domestic Dispute,20500,18
1928,2023,District Court - West,Theft,11500,8
1929,2023,District Court - Central,Cyber Offence,17100,10
1930,2023,District Court - South,Cyber Offence,8600,30
1931,2023,District Court - South,Public Nuisance,17900,38
1932,2023,District Court - South,Assault,3600,13
1933,2023,District Court - North,Cyber Offence,18500,33
1934,2023,District Court - Central,Cyber Offence,22000,18
1935,2023,District Court - East,Public Nuisance,25200,40
1936,2023,District Court - East,Cyber Offence,16500,34
1937,2023,District Court - East,Assault,14100,43
1938,2023,District Court - Central,Public Nuisance,76000,15
1939,2023,District Court - West,Assault,25200,7
1940,2023,District Court - North,Assault,30700,31
1941,2023,District Court - South,Cheating,14000,1
1942,2023,District Court - East,Theft,8000,22
1943,2023,District Court - North,Theft,32400,13
1944,2023,District Court - North,Cyber Offence,14000,36
1945,2023,District Court - North,Cyber Offence,16200,20
1946,2023,District Court - Central,Theft,7800,39
1947,2023,District Court - North,Theft,10400,35
1948,2023,District Court - South,Theft,16200,6
1949,2023,District Court - South,Cheating,5000,42
1950,2023,District Court - North,Cyber Offence,8600,18
1951,2023,District Court - Central,Domestic Dispute,59700,42
1952,2023,District Court - East,Cyber Offence,72600,19
1953,2023,District Court - South,Public Nuisance,21100,39
1954,2023,District Court - West,Public Nuisance,25700,27
1955,2023,District Court - Central,Assault,23300,17
1956,2023,District Court - South,Public Nuisance,7600,25
1957,2023,District Court - North,Cyber Offence,28300,21
1958,2023,District Court - South,Cheating,23500,29
1959,2023,District Court - North,Assault,36300,12
1960,2023,District Court - East,Domestic Dispute,21100,23
1961,2023,District Court - North,Public Nuisance,14200,20
1962,2023,District Court - West,Public Nuisance,11300,16
1963,2023,District Court - West,Assault,21600,42
1964,2023,District Court - North,Cyber Offence,23800,35
1965,2023,District Court - Central,Public Nuisance,51100,29
1966,2023,District Court - Central,NDPS,23800,13
1967,2023,District Court - North,Assault,13100,21
1968,2023,District Court - North,Assault,16700,40
1969,2023,District Court - Central,NDPS,5700,37
1970,2023,District Court - North,Cheating,6800,28
1971,2023,District Court - South,NDPS,12500,24
1972,2023,District Court - North,Cheating,33200,12
1973,2023,District Court - Central,Domestic Dispute,17100,6
1974,2023,District Court - North,Theft,25700,26
1975,2023,District Court - Central,Cyber Offence,8200,33
1976,2023,District Court - Central,Assault,18100,30
1977,2023,District Court - West,Cheating,14400,28
1978,2023,District Court - Central,Domestic Dispute,8400,37
1979,2023,District Court - West,Domestic Dispute,19400,6
1980,2023,District Court - North,Domestic Dispute,10500,36
1981,2023,District Court - North,Domestic Dispute,12400,24
1982,2023,District Court - South,NDPS,4800,23
1983,2023,District Court - North,Theft,12200,23
1984,2023,District Court - Central,Cheating,28700,2
1985,2023,District Court - West,Cheating,19400,5
1986,2023,District Court - West,Assault,19000,44
1987,2023,District Court - Central,NDPS,67200,9
1988,2023,District Court - South,Public Nuisance,22000,27
1989,2023,District Court - Central,Cyber Offence,17700,3
1990,2023,District Court - Central,NDPS,6000,38
1991,2023,District Court - South,Theft,20700,14
1992,2023,District Court - West,Cyber Offence,15800,28
1993,2023,District Court - North,Cyber Offence,16400,12
1994,2023,District Court - East,Domestic Dispute,7800,15
1995,2023,District Court - South,Theft,5400,20
1996,2023,District Court - East,Cyber Offence,6700,43
1997,2023,District Court - Central,Domestic Dispute,14000,20
1998,2023,District Court - North,NDPS,10700,25
1999,2023,District Court - East,NDPS,16000,39
2000,2023,District Court - South,NDPS,11000,1
2001,2023,District Court - North,Domestic Dispute,8600,35
2002,2023,District Court - North,Domestic Dispute,11500,26
2003,2023,District Court - East,Domestic Dispute,28700,21
2004,2023,District Court - South,Cheating,15200,22
2005,2023,District Court - West,Cyber Offence,39000,17
2006,2023,District Court - South,Domestic Dispute,14500,12
2007,2023,District Court - East,Theft,25700,22
2008,2023,District Court - East,Theft,24100,11
2009,2023,District Court - West,NDPS,31200,39
2010,2023,District Court - East,Assault,18200,21
2011,2023,District Court - West,Cyber Offence,10500,1
2012,2023,District Court - South,Theft,4500,8
2013,2023,District Court - East,Domestic Dispute,27900,10
2014,2023,District Court - Central,NDPS,22600,30
2015,2023,District Court - North,NDPS,31500,13
2016,2023,District Court - South,Domestic Dispute,12000,6
2017,2023,District Court - Central,Domestic Dispute,26700,34
2018,2023,District Court - West,Public Nuisance,27300,15
2019,2023,District Court - South,Domestic Dispute,16100,27
2020,2023,District Court - South,Domestic Dispute,8900,3
2021,2023,District Court - West,Theft,12600,18
2022,2023,District Court - Central,Cheating,36700,35
2023,2023,District Court - East,Cheating,8800,41
2024,2023,District Court - Central,Cheating,6800,41
2025,2023,District Court - South,Public Nuisance,22600,35
2026,2023,District Court - West,NDPS,14300,35
2027,2023,District Court - North,Cheating,8700,21
2028,2023,District Court - North,Public Nuisance,30600,19
2029,2023,District Court - South,NDPS,17700,26
2030,2023,District Court - Central,Public Nuisance,6600,15
2031,2023,District Court - North,Assault,41100,42
2032,2023,District Court - North,Public Nuisance,34700,34
2033,2023,District Court - West,Theft,10300,44
2034,2023,District Court - North,NDPS,16500,42
2035,2023,District Court - North,Cyber Offence,11200,33
2036,2023,District Court - South,NDPS,14600,1
2037,2023,District Court - South,NDPS,28900,3
2038,2023,District Court - West,Theft,14700,10
2039,2023,District Court - Central,Theft,15600,30
2040,2023,District Court - West,Cheating,18700,20
2041,2023,District Court - Central,NDPS,6100,36
2042,2023,District Court - East,Theft,4700,9
2043,2023,District Court - West,NDPS,51000,34
2044,2023,District Court - South,Cyber Offence,14700,26
2045,2023,District Court - East,NDPS,17500,23
2046,2023,District Court - Central,Theft,5000,5
2047,2023,District Court - East,Cheating,11900,5
2048,2023,District Court - Central,Domestic Dispute,9200,14
2049,2023,District Court - North,Cyber Offence,11600,18
2050,2023,District Court - North,Assault,17700,25
2051,2023,District Court - South,Domestic Dispute,16700,17
2052,2023,District Court - East,Domestic Dispute,8800,7
2053,2023,District Court - North,Cyber Offence,10300,18
2054,2023,District Court - East,Public Nuisance,36300,35
2055,2023,District Court - West,Assault,57900,8
2056,2023,District Court - North,Cheating,19200,45
2057,2023,District Court - West,Cheating,15400,19
2058,2023,District Court - North,Domestic Dispute,32000,13
2059,2023,District Court - East,Public Nuisance,11000,25
2060,2023,District Court - Central,Theft,15400,29
2061,2023,District Court - Central,NDPS,5300,24
2062,2023,District Court - West,Assault,12900,23
2063,2023,District Court - South,Domestic Dispute,4000,26
2064,2023,District Court - South,Cyber Offence,5800,29
2065,2023,District Court - East,Cyber Offence,2900,18
2066,2023,District Court - South,Assault,14300,9
2067,2023,District Court - South,Cheating,17700,37
2068,2023,District Court - North,Theft,15400,15
2069,2023,District Court - West,Cheating,8400,9
2070,2023,District Court - South,Cyber Offence,10200,6
2071,2023,District Court - East,Cheating,5500,16
2072,2023,District Court - North,Cyber Offence,31100,31
2073,2023,District Court - South,Public Nuisance,6900,6
2074,2023,District Court - Central,Domestic Dispute,20100,41
2075,2023,District Court - West,Assault,29900,39
2076,2023,District Court - West,Cheating,11300,25
2077,2023,District Court - Central,Assault,11800,13
2078,2023,District Court - North,Cheating,20700,39
2079,2023,District Court - Central,Public Nuisance,5900,39
2080,2023,District Court - West,Theft,80000,39
2081,2023,District Court - North,Cheating,28200,6
2082,2023,District Court - East,NDPS,34300,30
2083,2023,District Court - East,Cyber Offence,49200,15
2084,2023,District Court - East,Public Nuisance,8100,27
2085,2023,District Court - Central,Theft,6700,45
2086,2023,District Court - North,Cyber Offence,6500,27
2087,2023,District Court - Central,Domestic Dispute,20200,15
2088,2023,District Court - South,Theft,22600,29
2089,2023,District Court - West,Domestic Dispute,11500,24
2090,2023,District Court - East,Theft,117800,15
2091,2023,District Court - West,Assault,19000,39
2092,2023,District Court - North,NDPS,11100,10
2093,2023,District Court - West,Theft,6600,8
2094,2023,District Court - North,Public Nuisance,10000,7
2095,2023,District Court - North,Domestic Dispute,13000,43
2096,2023,District Court - Central,Assault,3800,6
2097,2023,District Court - North,Assault,12600,3
2098,2023,District Court - West,Assault,16100,31
2099,2023,District Court - West,Public Nuisance,7500,18
2100,2023,District Court - North,Public Nuisance,15700,10
2101,2023,District Court - West,NDPS,32700,5
2102,2023,District Court - East,NDPS,11800,32
2103,2023,District Court - South,Public Nuisance,38200,13
2104,2023,District Court - East,Public Nuisance,64900,10
2105,2023,District Court - North,Public Nuisance,16600,8
2106,2023,District Court - North,NDPS,40600,17
2107,2023,District Court - South,Assault,9100,6
2108,2023,District Court - West,Cyber Offence,4700,26
2109,2023,District Court - West,Public Nuisance,4600,3
2110,2023,District Court - West,Theft,16400,5
2111,2023,District Court - West,Theft,17200,11
2112,2023,District Court - West,Domestic Dispute,16100,31
2113,2023,District Court - Central,Assault,15700,29
2114,2023,District Court - Central,Domestic Dispute,20200,31
2115,2023,District Court - Central,NDPS,24100,27
2116,2023,District Court - East,Public Nuisance,11000,19
2117,2023,District Court - South,Cyber Offence,18900,1
2118,2023,District Court - East,Cheating,25700,4
2119,2023,District Court - East,Cheating,24600,40
2120,2023,District Court - South,Cyber Offence,32100,31
2121,2023,District Court - Central,Cyber Offence,12700,22
2122,2023,District Court - North,NDPS,12700,14
2123,2023,District Court - North,Cyber Offence,13500,40
2124,2023,District Court - South,Cheating,29700,2
2125,2023,District Court - West,Domestic Dispute,15100,22
2126,2023,District Court - North,Theft,34200,26
2127,2023,District Court - South,Cyber Offence,14600,19
2128,2023,District Court - West,Cheating,8000,5
2129,2023,District Court - East,NDPS,30100,23
2130,2023,District Court - South,NDPS,8500,33
2131,2023,District Court - East,NDPS,20200,40
2132,2023,District Court - West,Assault,10900,34
2133,2023,District Court - West,Cheating,19200,39
2134,2023,District Court - North,Public Nuisance,60500,43
2135,2023,District Court - North,Theft,47500,15
2136,2023,District Court - East,Domestic Dispute,38300,16
2137,2023,District Court - West,Theft,7300,22
2138,2023,District Court - South,Assault,13300,13
2139,2023,District Court - Central,Public Nuisance,29600,39
2140,2023,District Court - East,Cheating,24600,22
2141,2023,District Court - North,Cheating,21500,25
2142,2023,District Court - East,Domestic Dispute,16800,17
2143,2023,District Court - Central,Public Nuisance,11300,19
2144,2023,District Court - East,Cheating,9200,11
2145,2023,District Court - Central,Domestic Dispute,33300,22
2146,2023,District Court - Central,Assault,55600,44
2147,2023,District Court - South,Cheating,87100,17
2148,2023,District Court - West,Domestic Dispute,10300,16
2149,2023,District Court - West,Cheating,21400,6
2150,2023,District Court - South,Theft,9900,25
2151,2023,District Court - East,Assault,16800,10
2152,2023,District Court - Central,Domestic Dispute,8700,6
2153,2023,District Court - Central,Cheating,9900,41
2154,2023,District Court - East,NDPS,5800,35
2155,2023,District Court - East,Domestic Dispute,6700,5
2156,2023,District Court - East,Cyber Offence,8300,15
2157,2023,District Court - East,NDPS,6200,44
2158,2023,District Court - Central,NDPS,31000,5
2159,2023,District Court - North,Theft,21100,10
2160,2023,District Court - North,NDPS,5300,4
2161,2023,District Court - North,Cheating,17900,18
2162,2023,District Court - North,Assault,35500,40
2163,2023,District Court - Central,Assault,15400,20
2164,2023,District Court - North,Public Nuisance,4900,19
2165,2023,District Court - East,Cheating,20300,43
2166,2023,District Court - West,Assault,16500,26
2167,2023,District Court - Central,Cyber Offence,12000,1
2168,2023,District Court - North,Assault,27000,44
2169,2023,District Court - West,Domestic Dispute,11500,7
2170,2023,District Court - West,Assault,36500,44
2171,2023,District Court - West,Assault,17600,37
2172,2023,District Court - Central,NDPS,19600,34
2173,2023,District Court - North,NDPS,33800,12
2174,2023,District Court - South,NDPS,20100,27
2175,2023,District Court - East,NDPS,10700,31
2176,2023,District Court - Central,Cyber Offence,19400,37
2177,2023,District Court - South,Cyber Offence,12300,31
2178,2023,District Court - North,Assault,10700,37
2179,2023,District Court - West,Public Nuisance,26800,27
2180,2023,District Court - West,Assault,29900,5
2181,2023,District Court - South,Cyber Offence,7100,3
2182,2023,District Court - North,Domestic Dispute,10200,17
2183,2023,District Court - West,Cyber Offence,39400,30
2184,2023,District Court - Central,Cyber Offence,13400,19
2185,2023,District Court - West,Domestic Dispute,13600,11
2186,2023,District Court - East,Cyber Offence,7300,19
2187,2023,District Court - East,Cheating,7200,13
2188,2023,District Court - South,Cheating,22900,23
2189,2023,District Court - East,Assault,47400,8
2190,2023,District Court - North,Cheating,41600,39
2191,2023,District Court - Central,Theft,8400,9
2192,2023,District Court - South,Cyber Offence,5200,39
2193,2023,District Court - Central,Domestic Dispute,57200,33
2194,2023,District Court - South,Public Nuisance,17600,18
2195,2023,District Court - Central,Public Nuisance,27300,26
2196,2023,District Court - Central,Assault,12900,22
2197,2023,District Court - South,Theft,26500,16
2198,2023,District Court - West,Domestic Dispute,14800,24
2199,2023,District Court - Central,Domestic Dispute,10200,26
2200,2023,District Court - West,Theft,26300,42
2201,2023,District Court - East,Cheating,30100,43
2202,2023,District Court - South,Public Nuisance,6600,11
2203,2023,District Court - East,Theft,23600,26
2204,2023,District Court - North,Domestic Dispute,22900,35
2205,2023,District Court - North,Theft,26700,41
2206,2023,District Court - Central,NDPS,25400,4
2207,2023,District Court - South,NDPS,37700,2
2208,2023,District Court - South,Assault,25700,30
2209,2023,District Court - East,Assault,5500,18
2210,2023,District Court - North,Public Nuisance,9200,10
2211,2023,District Court - North,Domestic Dispute,17500,39
2212,2023,District Court - Central,Cheating,14900,22
2213,2023,District Court - North,Cyber Offence,19300,35
2214,2023,District Court - West,Assault,10400,16
2215,2023,District Court - North,Domestic Dispute,11800,14
2216,2023,District Court - Central,Assault,57500,27
2217,2023,District Court - East,Theft,25600,30
2218,2023,District Court - West,NDPS,16200,22
2219,2023,District Court - West,Assault,24200,15
2220,2023,District Court - South,Theft,10100,41
2221,2023,District Court - East,Theft,25800,42
2222,2023,District Court - West,Public Nuisance,13500,40
2223,2023,District Court - East,Domestic Dispute,12100,36
2224,2023,District Court - East,Public Nuisance,7500,15
2225,2023,District Court - North,Assault,33300,21
2226,2023,District Court - North,Domestic Dispute,31100,36
2227,2023,District Court - North,Public Nuisance,39600,28
2228,2023,District Court - East,Cheating,8900,13
2229,2023,District Court - Central,Cyber Offence,12200,42
2230,2023,District Court - West,Public Nuisance,7100,41
2231,2023,District Court - West,Cheating,12100,2
2232,2023,District Court - East,Domestic Dispute,12100,21
2233,2023,District Court - West,Public Nuisance,18700,39
2234,2023,District Court - East,Public Nuisance,20300,1
2235,2023,District Court - South,Theft,12300,2
2236,2023,District Court - West,Domestic Dispute,8500,26
2237,2023,District Court - South,Theft,24500,32
2238,2023,District Court - West,Theft,23000,7
2239,2023,District Court - North,Theft,36400,28
2240,2023,District Court - North,Cheating,10800,7
2241,2023,District Court - Central,NDPS,5400,12
2242,2023,District Court - West,Cheating,19800,2
2243,2023,District Court - North,Cheating,11400,27
2244,2023,District Court - North,Assault,18500,43
2245,2023,District Court - East,Theft,30000,12
2246,2023,District Court - East,NDPS,22500,29
2247,2023,District Court - North,Cheating,40300,15
2248,2023,District Court - East,Cheating,6800,1
2249,2023,District Court - East,Cyber Offence,18400,18
2250,2023,District Court - East,Public Nuisance,28900,1
2251,2023,District Court - North,Assault,27500,10
2252,2023,District Court - West,Domestic Dispute,40400,24
2253,2023,District Court - West,Domestic Dispute,5900,23
2254,2023,District Court - East,Cyber Offence,14400,35
2255,2023,District Court - South,Cheating,11700,45
2256,2023,District Court - South,Cheating,29200,43
2257,2023,District Court - South,Domestic Dispute,88800,8
2258,2023,District Court - West,Domestic Dispute,31200,36
2259,2023,District Court - East,Theft,11400,12
2260,2023,District Court - South,Cyber Offence,38600,18
2261,2023,District Court - South,NDPS,7100,33
2262,2023,District Court - East,Theft,6700,17
2263,2023,District Court - West,Cyber Offence,17700,25
2264,2023,District Court - East,NDPS,10700,10
2265,2023,District Court - North,Theft,40500,37
2266,2023,District Court - North,Domestic Dispute,12400,12
2267,2023,District Court - West,Domestic Dispute,17400,25
2268,2023,District Court - West,Cheating,26400,22
2269,2023,District Court - South,Cyber Offence,43900,9
2270,2023,District Court - East,Cyber Offence,22100,14
2271,2023,District Court - East,Theft,39900,28
2272,2023,District Court - Central,Public Nuisance,17500,24
2273,2023,District Court - Central,NDPS,58700,40
2274,2023,District Court - West,Public Nuisance,29100,43
2275,2023,District Court - West,Theft,38300,35
2276,2023,District Court - East,Theft,18600,16
2277,2023,District Court - South,NDPS,16000,1
2278,2023,District Court - East,Theft,13200,21
2279,2023,District Court - West,Domestic Dispute,10300,35
2280,2023,District Court - South,Assault,23700,18
2281,2023,District Court - Central,Cyber Offence,9700,10
2282,2023,District Court - North,Cheating,19200,23
2283,2023,District Court - East,Cyber Offence,22400,7
2284,2023,District Court - North,Cyber Offence,13900,36
2285,2023,District Court - Central,Assault,21200,41
2286,2023,District Court - South,Assault,35800,15
2287,2023,District Court - North,Cyber Offence,16600,17
2288,2023,District Court - West,Assault,16900,4
2289,2023,District Court - West,Public Nuisance,7700,7
2290,2023,District Court - Central,NDPS,13900,24
2291,2023,District Court - Central,Cyber Offence,10700,7
2292,2023,District Court - West,Domestic Dispute,11900,9
2293,2023,District Court - Central,Cyber Offence,27500,14
2294,2023,District Court - South,Cyber Offence,22800,20
2295,2023,District Court - East,Cheating,16000,25
2296,2023,District Court - South,Cheating,27400,29
2297,2023,District Court - East,Public Nuisance,23600,45
2298,2023,District Court - Central,NDPS,36400,7
2299,2023,District Court - South,Theft,5700,2
2300,2023,District Court - North,Assault,29000,8
2301,2023,District Court - North,Theft,19500,26
2302,2023,District Court - North,Public Nuisance,10500,26
2303,2023,District Court - East,Theft,37900,32
2304,2023,District Court - North,Cheating,99100,32
2305,2023,District Court - West,Theft,8400,12
2306,2023,District Court - South,Theft,28800,10
2307,2023,District Court - North,Public Nuisance,7800,33
2308,2023,District Court - Central,Theft,5600,26
2309,2023,District Court - South,Theft,36200,33
2310,2023,District Court - South,Cheating,15000,26
2311,2023,District Court - North,Cyber Offence,11500,33
2312,2023,District Court - South,Cyber Offence,22100,29
2313,2023,District Court - North,Public Nuisance,30300,37
2314,2023,District Court - North,Theft,18700,13
2315,2023,District Court - North,Public Nuisance,29100,37
2316,2023,District Court - South,Cyber Offence,43700,28
2317,2023,District Court - West,Assault,19800,43
2318,2023,District Court - North,Cheating,59400,34
2319,2023,District Court - West,Cheating,11500,17
2320,2023,District Court - North,Domestic Dispute,19200,1
2321,2023,District Court - West,Assault,28200,42
2322,2023,District Court - East,NDPS,56900,10
2323,2023,District Court - South,NDPS,52600,25
2324,2023,District Court - South,Cheating,20700,16
2325,2023,District Court - Central,Theft,16300,5
2326,2023,District Court - Central,Theft,19800,7
2327,2023,District Court - West,Theft,18200,13
2328,2023,District Court - West,Domestic Dispute,123700,3
2329,2023,District Court - Central,Public Nuisance,11300,2
2330,2023,District Court - South,Public Nuisance,11200,5
2331,2023,District Court - Central,Theft,14000,17
2332,2023,District Court - North,Assault,12600,18
2333,2023,District Court - South,Cyber Offence,28100,9
2334,2023,District Court - South,Cyber Offence,21600,1
2335,2023,District Court - West,Assault,28400,21
2336,2023,District Court - West,Cheating,4900,32
2337,2023,District Court - East,Theft,6800,25
2338,2023,District Court - Central,Theft,33400,5
2339,2023,District Court - South,NDPS,5200,1
2340,2023,District Court - West,Public Nuisance,12600,4
2341,2023,District Court - East,Theft,15500,1
2342,2023,District Court - West,Cheating,14000,22
2343,2023,District Court - East,Domestic Dispute,10300,34
2344,2023,District Court - South,Assault,9200,27
2345,2023,District Court - South,Domestic Dispute,25000,26
2346,2023,District Court - Central,Public Nuisance,13400,41
2347,2023,District Court - North,Domestic Dispute,20900,34
2348,2023,District Court - East,Cheating,15800,27
2349,2023,District Court - East,Assault,11300,33
2350,2023,District Court - West,Domestic Dispute,78400,26
2351,2023,District Court - North,NDPS,15800,31
2352,2023,District Court - East,Domestic Dispute,16200,27
2353,2023,District Court - Central,Cheating,12500,7
2354,2023,District Court - South,Cheating,20100,36
2355,2023,District Court - Central,Cyber Offence,35100,5
2356,2023,District Court - North,NDPS,16400,29
2357,2023,District Court - West,Cheating,34600,26
2358,2023,District Court - West,Cheating,10900,18
2359,2023,District Court - East,Cheating,25000,3
2360,2023,District Court - West,Public Nuisance,14400,9
2361,2023,District Court - North,Theft,21500,5
2362,2023,District Court - Central,Cheating,36300,24
2363,2023,District Court - East,NDPS,10100,20
2364,2023,District Court - West,Assault,15200,41
2365,2023,District Court - East,NDPS,32700,8
2366,2023,District Court - West,Public Nuisance,10400,33
2367,2023,District Court - Central,Cyber Offence,15800,36
2368,2023,District Court - North,NDPS,9800,29
2369,2023,District Court - South,Domestic Dispute,3300,29
2370,2023,District Court - North,Public Nuisance,6700,7
2371,2023,District Court - West,Theft,57300,4
2372,2023,District Court - West,Assault,8400,6
2373,2023,District Court - Central,Assault,21000,21
2374,2023,District Court - North,NDPS,19200,43
2375,2023,District Court - Central,Domestic Dispute,40900,16
2376,2023,District Court - South,Cyber Offence,12400,42
2377,2023,District Court - North,Cyber Offence,42800,35
2378,2023,District Court - Central,Cyber Offence,62500,19
2379,2023,District Court - Central,Theft,28500,16
2380,2023,District Court - West,Public Nuisance,7800,32
2381,2023,District Court - East,Theft,8100,38
2382,2023,District Court - West,Domestic Dispute,50900,15
2383,2023,District Court - West,Cyber Offence,39500,9
2384,2023,District Court - West,Cyber Offence,12600,35
2385,2023,District Court - West,Cyber Offence,18700,36
2386,2023,District Court - South,Cheating,19200,41
2387,2023,District Court - South,Domestic Dispute,8500,35
2388,2023,District Court - South,NDPS,12000,41
2389,2023,District Court - West,Public Nuisance,9400,45
2390,2023,District Court - North,Assault,14600,35
2391,2023,District Court - North,Cheating,7800,45
2392,2023,District Court - West,Cheating,16900,6
2393,2023,District Court - East,NDPS,10800,38
2394,2023,District Court - East,Domestic Dispute,15900,11
2395,2023,District Court - North,Assault,18400,39
2396,2023,District Court - East,Domestic Dispute,14600,7
2397,2023,District Court - East,Cheating,6800,8
2398,2023,District Court - West,Cheating,9300,14
2399,2023,District Court - West,Theft,3600,28
2400,2023,District Court - North,Cyber Offence,31300,11
2401,2023,District Court - South,Public Nuisance,23100,35
2402,2023,District Court - Central,Public Nuisance,16400,14
2403,2023,District Court - North,Domestic Dispute,24000,30
2404,2023,District Court - South,Assault,13100,16
2405,2023,District Court - Central,NDPS,28600,27
2406,2023,District Court - East,Assault,26100,31
2407,2023,District Court - North,Cheating,21400,45
2408,2023,District Court - South,Cyber Offence,7200,16
2409,2023,District Court - East,Cheating,14200,37
2410,2023,District Court - Central,Public Nuisance,16000,45
2411,2023,District Court - Central,Cyber Offence,16100,36
2412,2023,District Court - North,Cheating,16500,43
2413,2023,District Court - North,Theft,18500,33
2414,2023,District Court - North,Public Nuisance,26600,19
2415,2023,District Court - South,Public Nuisance,13600,27
2416,2023,District Court - South,Domestic Dispute,19600,5
2417,2023,District Court - West,NDPS,22300,35
2418,2023,District Court - Central,Public Nuisance,27500,20
2419,2023,District Court - West,Assault,16300,1
2420,2023,District Court - South,Cyber Offence,17900,43
2421,2023,District Court - South,Public Nuisance,15300,34
2422,2023,District Court - East,Cyber Offence,11700,28
2423,2023,District Court - South,Theft,4900,29
2424,2023,District Court - East,Theft,14500,13
2425,2023,District Court - South,NDPS,25400,33
2426,2023,District Court - South,Cheating,51100,8
2427,2023,District Court - Central,Theft,21000,23
2428,2023,District Court - North,Cyber Offence,21900,18
2429,2023,District Court - South,Public Nuisance,12800,29
2430,2023,District Court - Central,Public Nuisance,9300,23
2431,2023,District Court - West,NDPS,11900,25
2432,2023,District Court - North,Domestic Dispute,35600,5
2433,2023,District Court - East,NDPS,21600,11
2434,2023,District Court - East,Cyber Offence,13500,29
2435,2023,District Court - Central,Domestic Dispute,26300,14
2436,2023,District Court - East,Cheating,8300,9
2437,2023,District Court - North,Domestic Dispute,45900,23
2438,2023,District Court - East,NDPS,5900,9
2439,2023,District Court - East,Domestic Dispute,11300,45
2440,2023,District Court - North,Theft,15200,21
2441,2023,District Court - Central,Cyber Offence,24600,24
2442,2023,District Court - North,Domestic Dispute,15700,42
2443,2023,District Court - Central,Domestic Dispute,12200,29
2444,2023,District Court - North,Theft,14100,38
2445,2023,District Court - Central,Cheating,4300,37
2446,2023,District Court - West,NDPS,13800,31
2447,2023,District Court - North,Assault,11000,8
2448,2023,District Court - South,Public Nuisance,9400,12
2449,2023,District Court - East,Cyber Offence,4300,13
2450,2023,District Court - South,Domestic Dispute,11400,3
2451,2023,District Court - East,NDPS,16500,28
2452,2023,District Court - South,NDPS,46100,37
2453,2023,District Court - South,NDPS,22800,34
2454,2023,District Court - South,Domestic Dispute,22800,40
2455,2023,District Court - North,Public Nuisance,6700,37
2456,2023,District Court - North,Theft,8600,6
2457,2023,District Court - South,Cheating,48900,30
2458,2023,District Court - Central,NDPS,12400,43
2459,2023,District Court - South,Theft,7400,24
2460,2023,District Court - North,Domestic Dispute,10700,17
2461,2023,District Court - East,Assault,11500,41
2462,2023,District Court - Central,Domestic Dispute,19000,30
2463,2023,District Court - East,NDPS,14700,11
2464,2023,District Court - South,Theft,9100,1
2465,2023,District Court - West,Cyber Offence,22700,7
2466,2023,District Court - Central,Theft,24600,24
2467,2023,District Court - North,NDPS,16500,24
2468,2023,District Court - Central,Public Nuisance,9600,34
2469,2023,District Court - South,Cyber Offence,23400,40
2470,2023,District Court - South,Theft,8900,45
2471,2023,District Court - South,Cheating,38200,4
2472,2023,District Court - North,Cheating,22900,13
2473,2023,District Court - Central,Assault,37900,36
2474,2023,District Court - Central,Public Nuisance,23800,43
2475,2023,District Court - South,NDPS,9900,15
2476,2023,District Court - West,Public Nuisance,11800,9
2477,2023,District Court - North,Cheating,8400,7
2478,2023,District Court - North,Assault,22100,23
2479,2023,District Court - North,Cyber Offence,3900,22
2480,2023,District Court - West,Public Nuisance,18800,18
2481,2023,District Court - West,Theft,72300,39
2482,2023,District Court - South,Cheating,8700,43
2483,2023,District Court - North,Domestic Dispute,10100,11
2484,2023,District Court - North,Domestic Dispute,16900,2
2485,2023,District Court - East,NDPS,15600,35
2486,2023,District Court - North,Cyber Offence,20300,27
2487,2023,District Court - Central,Public Nuisance,62200,16
2488,2023,District Court - East,Theft,40300,34
2489,2023,District Court - West,Domestic Dispute,13300,26
2490,2023,District Court - Central,NDPS,10200,13
2491,2023,District Court - West,Theft,10800,8
2492,2023,District Court - North,Domestic Dispute,14600,18
2493,2023,District Court - South,Cyber Offence,7900,43
2494,2023,District Court - South,Assault,47100,9
2495,2023,District Court - Central,Assault,10700,27
2496,2023,District Court - West,Domestic Dispute,11400,12
2497,2023,District Court - West,Cheating,12300,15
2498,2023,District Court - East,Theft,31600,38
2499,2023,District Court - West,Assault,38200,5
2500,2023,District Court - South,Cheating,5400,38
2501,2023,District Court - East,Domestic Dispute,6000,1
2502,2023,District Court - East,Public Nuisance,3300,21
2503,2023,District Court - Central,Public Nuisance,19200,25
2504,2023,District Court - South,Assault,29400,37
2505,2023,District Court - East,NDPS,16500,30
2506,2023,District Court - West,Domestic Dispute,11600,20
2507,2023,District Court - East,Cheating,25100,37
2508,2023,District Court - South,Assault,29500,11
2509,2023,District Court - North,NDPS,9400,35
2510,2023,District Court - South,Domestic Dispute,42900,14
2511,2023,District Court - North,Cyber Offence,10800,39
2512,2023,District Court - South,Cheating,16600,42
2513,2023,District Court - West,Theft,24300,9
2514,2023,District Court - East,Assault,10800,5
2515,2023,District Court - North,Cheating,40500,36
2516,2023,District Court - North,Cheating,11300,28
2517,2023,District Court - East,Assault,10100,42
2518,2023,District Court - East,Cyber Offence,19100,12
2519,2023,District Court - Central,Cheating,23100,3
2520,2023,District Court - North,Cheating,18900,41
2521,2023,District Court - West,Theft,44800,7
2522,2023,District Court - East,Cyber Offence,14800,31
2523,2023,District Court - North,Assault,9100,35
2524,2023,District Court - South,Domestic Dispute,14900,31
2525,2023,District Court - East,Theft,33000,3
2526,2023,District Court - North,NDPS,26700,12
2527,2023,District Court - South,NDPS,18100,11
2528,2023,District Court - Central,Assault,13500,37
2529,2023,District Court - West,Public Nuisance,42100,42
2530,2023,District Court - West,Theft,7700,18
2531,2023,District Court - Central,NDPS,6900,25
2532,2023,District Court - West,Cheating,42300,35
2533,2023,District Court - West,NDPS,6900,42
2534,2023,District Court - South,Assault,7500,29
2535,2023,District Court - South,Assault,4100,30
2536,2023,District Court - North,Domestic Dispute,30300,22
2537,2023,District Court - South,Cheating,31600,27
2538,2023,District Court - West,NDPS,24600,10
2539,2023,District Court - Central,Cyber Offence,34100,20
2540,2023,District Court - North,Cyber Offence,18200,11
2541,2023,District Court - North,Cheating,14400,22
2542,2023,District Court - West,Cheating,28600,11
2543,2023,District Court - East,Theft,30700,13
2544,2023,District Court - Central,Cheating,5100,35
2545,2023,District Court - South,Theft,30200,37
2546,2023,District Court - West,Theft,7400,19
2547,2023,District Court - East,NDPS,19300,7
2548,2023,District Court - North,Public Nuisance,35000,28
2549,2023,District Court - West,Public Nuisance,9200,31
2550,2023,District Court - Central,Domestic Dispute,10900,32
2551,2023,District Court - South,Assault,11800,39
2552,2023,District Court - Central,Domestic Dispute,3200,27
2553,2023,District Court - North,Theft,7100,29
2554,2023,District Court - East,Theft,13100,14
2555,2023,District Court - North,Domestic Dispute,23900,30
2556,2023,District Court - South,Theft,24800,24
2557,2023,District Court - Central,Cheating,15700,40
2558,2023,District Court - East,Public Nuisance,18200,42
2559,2023,District Court - North,Assault,13300,18
2560,2023,District Court - North,Cheating,24800,40
2561,2023,District Court - North,Cheating,16400,29
2562,2023,District Court - Central,Domestic Dispute,30800,41
2563,2023,District Court - Central,Public Nuisance,9200,34
2564,2023,District Court - East,Theft,9200,44
2565,2023,District Court - Central,Cheating,19300,42
2566,2023,District Court - West,Domestic Dispute,13200,3
2567,2023,District Court - Central,Cheating,27000,20
2568,2023,District Court - South,Cyber Offence,7900,6
2569,2023,District Court - Central,NDPS,17900,40
2570,2023,District Court - North,Theft,21400,26
2571,2023,District Court - Central,Cyber Offence,34200,34
2572,2023,District Court - Central,Assault,15800,15
2573,2023,District Court - West,Theft,15300,2
2574,2023,District Court - North,Domestic Dispute,33600,28
2575,2023,District Court - South,Cyber Offence,28700,27
2576,2023,District Court - West,Public Nuisance,38900,22
2577,2023,District Court - North,Theft,12400,3
2578,2023,District Court - West,Domestic Dispute,32800,43
2579,2023,District Court - Central,Domestic Dispute,14700,11
2580,2023,District Court - West,Public Nuisance,3700,7
2581,2023,District Court - Central,Public Nuisance,64800,23
2582,2023,District Court - West,Cheating,15500,8
2583,2023,District Court - Central,Domestic Dispute,5100,16
2584,2023,District Court - North,Cyber Offence,13700,36
2585,2023,District Court - West,Cyber Offence,25900,9
2586,2023,District Court - West,Domestic Dispute,17800,31
2587,2023,District Court - Central,Assault,6500,39
2588,2023,District Court - South,Public Nuisance,10100,32
2589,2023,District Court - North,NDPS,7800,28
2590,2023,District Court - East,NDPS,4100,15
2591,2023,District Court - East,Cheating,21800,1
2592,2023,District Court - East,Domestic Dispute,15700,28
2593,2023,District Court - West,Theft,9600,23
2594,2023,District Court - North,Cheating,24000,32
2595,2023,District Court - East,Cheating,66900,17
2596,2023,District Court - Central,Cheating,19500,7
2597,2023,District Court - South,Cyber Offence,14600,14
2598,2023,District Court - South,Cyber Offence,10800,6
2599,2023,District Court - Central,Theft,29200,10
2600,2023,District Court - North,Cyber Offence,19000,40
2601,2023,District Court - East,Cheating,50200,33
2602,2023,District Court - Central,Theft,12400,39
2603,2023,District Court - West,Cyber Offence,11900,43
2604,2023,District Court - West,Cyber Offence,15200,36
2605,2023,District Court - East,Assault,10400,25
2606,2023,District Court - East,Assault,14100,41
2607,2023,District Court - East,Domestic Dispute,39100,25
2608,2023,District Court - Central,Assault,4800,7
2609,2023,District Court - West,Cheating,18000,2
2610,2023,District Court - North,Public Nuisance,46600,39
2611,2023,District Court - South,Cyber Offence,15500,17
2612,2023,District Court - West,Cyber Offence,22800,12
2613,2023,District Court - West,Cheating,24300,14
2614,2023,District Court - Central,Domestic Dispute,16700,45
2615,2023,District Court - West,NDPS,21100,36
2616,2023,District Court - East,Cyber Offence,24900,12
2617,2023,District Court - South,NDPS,18400,37
2618,2023,District Court - North,Domestic Dispute,17200,37
2619,2023,District Court - North,Assault,6200,28
2620,2023,District Court - North,Cyber Offence,28200,29
2621,2023,District Court - West,Public Nuisance,24700,32
2622,2023,District Court - Central,Assault,16400,21
2623,2023,District Court - South,Cheating,47100,38
2624,2023,District Court - West,Domestic Dispute,19600,30
2625,2023,District Court - West,Cheating,10500,29
2626,2023,District Court - West,Domestic Dispute,36300,17
2627,2023,District Court - Central,Public Nuisance,17000,21
2628,2023,District Court - North,NDPS,15000,26
2629,2023,District Court - West,Public Nuisance,15000,33
2630,2023,District Court - North,Domestic Dispute,11900,43
2631,2023,District Court - South,Cheating,25700,42
2632,2023,District Court - East,NDPS,12100,9
2633,2023,District Court - South,Cyber Offence,22300,17
2634,2023,District Court - South,Public Nuisance,23300,18
2635,2023,District Court - North,NDPS,30500,13
2636,2023,District Court - West,Theft,16600,20
2637,2023,District Court - North,NDPS,22300,20
2638,2023,District Court - West,NDPS,32300,40
2639,2023,District Court - North,Domestic Dispute,31400,35
2640,2023,District Court - Central,Cyber Offence,4300,17
2641,2023,District Court - Central,Assault,13800,7
2642,2024,District Court - South,Assault,9100,2
2643,2024,District Court - East,Cyber Offence,14400,43
2644,2024,District Court - Central,Cyber Offence,81500,23
2645,2024,District Court - East,Cyber Offence,16800,2
2646,2024,District Court - East,Public Nuisance,18700,16
2647,2024,District Court - North,NDPS,8800,1
2648,2024,District Court - West,Cheating,38700,9
2649,2024,District Court - South,Public Nuisance,16600,2
2650,2024,District Court - West,Assault,21600,31
2651,2024,District Court - South,Public Nuisance,10500,21
2652,2024,District Court - East,Cheating,10600,8
2653,2024,District Court - North,Public Nuisance,11100,3
2654,2024,District Court - Central,Cyber Offence,43000,16
2655,2024,District Court - South,Cheating,8900,5
2656,2024,District Court - South,Theft,5300,38
2657,2024,District Court - South,Assault,20800,45
2658,2024,District Court - South,Cyber Offence,16800,5
2659,2024,District Court - South,Assault,31600,15
2660,2024,District Court - Central,NDPS,6500,10
2661,2024,District Court - Central,Assault,10700,37
2662,2024,District Court - East,Theft,8500,40
2663,2024,District Court - Central,Public Nuisance,25200,4
2664,2024,District Court - South,Assault,11000,15
2665,2024,District Court - North,Cheating,7100,44
2666,2024,District Court - Central,Public Nuisance,47100,13
2667,2024,District Court - West,Cyber Offence,33100,14
2668,2024,District Court - South,NDPS,8800,45
2669,2024,District Court - South,Public Nuisance,8900,38
2670,2024,District Court - West,Assault,8800,10
2671,2024,District Court - West,Cheating,18400,29
2672,2024,District Court - West,Assault,34600,4
2673,2024,District Court - Central,Public Nuisance,15800,1
2674,2024,District Court - South,Public Nuisance,37100,25
2675,2024,District Court - Central,Assault,23600,6
2676,2024,District Court - East,Assault,9100,34
2677,2024,District Court - West,Theft,12600,21
2678,2024,District Court - North,Assault,12000,17
2679,2024,District Court - West,NDPS,6400,7
2680,2024,District Court - North,Assault,14500,10
2681,2024,District Court - West,Cheating,16500,36
2682,2024,District Court - North,Theft,60200,45
2683,2024,District Court - North,Public Nuisance,12300,17
2684,2024,District Court - South,Cheating,58800,28
2685,2024,District Court - Central,Public Nuisance,18300,38
2686,2024,District Court - East,Cheating,19500,3
2687,2024,District Court - Central,Theft,27900,21
2688,2024,District Court - East,Cyber Offence,30600,25
2689,2024,District Court - West,Domestic Dispute,86100,28
2690,2024,District Court - South,Theft,22400,3
2691,2024,District Court - Central,Public Nuisance,20300,36
2692,2024,District Court - East,Domestic Dispute,9400,1
2693,2024,District Court - Central,Theft,16800,41
2694,2024,District Court - South,Domestic Dispute,14800,17
2695,2024,District Court - East,Public Nuisance,7400,29
2696,2024,District Court - North,Domestic Dispute,9900,21
2697,2024,District Court - South,Domestic Dispute,23900,5
2698,2024,District Court - South,Domestic Dispute,19900,6
2699,2024,District Court - West,Public Nuisance,28000,37
2700,2024,District Court - West,Domestic Dispute,9700,22
2701,2024,District Court - Central,Cheating,7300,16
2702,2024,District Court - South,Public Nuisance,42400,16
2703,2024,District Court - Central,Cyber Offence,6800,4
2704,2024,District Court - East,Theft,5300,28
2705,2024,District Court - Central,NDPS,3800,45
2706,2024,District Court - East,Domestic Dispute,26100,6
2707,2024,District Court - North,Cyber Offence,16300,28
2708,2024,District Court - East,Public Nuisance,27000,26
2709,2024,District Court - East,Cheating,25300,27
2710,2024,District Court - North,NDPS,12900,26
2711,2024,District Court - East,Assault,20500,9
2712,2024,District Court - West,Cheating,24400,41
2713,2024,District Court - Central,Domestic Dispute,47400,30
2714,2024,District Court - West,Public Nuisance,11600,10
2715,2024,District Court - North,Theft,27700,25
2716,2024,District Court - Central,Public Nuisance,22800,12
2717,2024,District Court - East,Assault,16700,45
2718,2024,District Court - South,Domestic Dispute,25900,24
2719,2024,District Court - West,Cheating,12100,12
2720,2024,District Court - South,Cheating,54700,6
2721,2024,District Court - South,Cheating,6600,28
2722,2024,District Court - West,Domestic Dispute,7900,9
2723,2024,District Court - East,Cyber Offence,12900,28
2724,2024,District Court - East,Public Nuisance,10200,16
2725,2024,District Court - South,Domestic Dispute,83200,42
2726,2024,District Court - Central,Domestic Dispute,22200,17
2727,2024,District Court - North,Public Nuisance,11300,15
2728,2024,District Court - South,Theft,6700,28
2729,2024,District Court - East,Assault,11300,45
2730,2024,District Court - East,Domestic Dispute,4800,14
2731,2024,District Court - West,Assault,5600,15
2732,2024,District Court - East,NDPS,19000,26
2733,2024,District Court - East,NDPS,7000,18
2734,2024,District Court - Central,NDPS,24300,39
2735,2024,District Court - North,Domestic Dispute,16200,19
2736,2024,District Court - North,Cheating,17200,8
2737,2024,District Court - Central,Theft,30600,13
2738,2024,District Court - West,Cyber Offence,7400,38
2739,2024,District Court - South,Domestic Dispute,49600,14
2740,2024,District Court - West,Theft,26100,37
2741,2024,District Court - North,Domestic Dispute,49900,23
2742,2024,District Court - South,Domestic Dispute,31100,45
2743,2024,District Court - East,Cyber Offence,36300,15
2744,2024,District Court - Central,NDPS,7500,8
2745,2024,District Court - North,Domestic Dispute,8100,16
2746,2024,District Court - South,Domestic Dispute,47900,44
2747,2024,District Court - North,Cheating,21200,33
2748,2024,District Court - South,Theft,6200,21
2749,2024,District Court - Central,Theft,26500,3
2750,2024,District Court - South,Cheating,13100,18
2751,2024,District Court - North,Cheating,18400,21
2752,2024,District Court - Central,Assault,7400,18
2753,2024,District Court - East,Public Nuisance,13900,13
2754,2024,District Court - South,Assault,47700,19
2755,2024,District Court - Central,Public Nuisance,18000,9
2756,2024,District Court - Central,Public Nuisance,11700,43
2757,2024,District Court - Central,Cheating,9800,41
2758,2024,District Court - South,Domestic Dispute,14800,43
2759,2024,District Court - West,Public Nuisance,14700,30
2760,2024,District Court - East,Theft,37800,17
2761,2024,District Court - Central,Cheating,41500,21
2762,2024,District Court - North,Theft,19200,26
2763,2024,District Court - East,Public Nuisance,9300,19
2764,2024,District Court - Central,Cheating,29300,27
2765,2024,District Court - North,Assault,35300,1
2766,2024,District Court - North,Theft,14100,41
2767,2024,District Court - Central,Theft,24000,45
2768,2024,District Court - North,Theft,18300,30
2769,2024,District Court - West,NDPS,16700,23
2770,2024,District Court - East,Cheating,21800,6
2771,2024,District Court - West,Assault,13200,3
2772,2024,District Court - East,Cheating,8800,11
2773,2024,District Court - East,Domestic Dispute,25800,2
2774,2024,District Court - North,NDPS,18000,13
2775,2024,District Court - Central,NDPS,28800,16
2776,2024,District Court - Central,Assault,6800,39
2777,2024,District Court - South,NDPS,31500,10
2778,2024,District Court - Central,Cyber Offence,37700,34
2779,2024,District Court - East,Cheating,27600,29
2780,2024,District Court - Central,Cyber Offence,8800,43
2781,2024,District Court - North,Assault,23300,16
2782,2024,District Court - North,Domestic Dispute,11300,41
2783,2024,District Court - West,Cyber Offence,26600,14
2784,2024,District Court - Central,Public Nuisance,12000,27
2785,2024,District Court - Central,NDPS,10600,3
2786,2024,District Court - East,Cyber Offence,26200,16
2787,2024,District Court - Central,Cyber Offence,15600,42
2788,2024,District Court - East,Public Nuisance,29600,27
2789,2024,District Court - West,Cheating,16200,32
2790,2024,District Court - East,Domestic Dispute,33000,29
2791,2024,District Court - East,NDPS,26700,23
2792,2024,District Court - North,Cyber Offence,8800,10
2793,2024,District Court - North,Domestic Dispute,9900,22
2794,2024,District Court - South,Theft,14800,16
2795,2024,District Court - North,NDPS,22100,16
2796,2024,District Court - North,NDPS,15400,33
2797,2024,District Court - Central,Assault,12200,3
2798,2024,District Court - North,Domestic Dispute,7600,30
2799,2024,District Court - South,Theft,16200,16
2800,2024,District Court - South,Domestic Dispute,47000,10
2801,2024,District Court - South,Cheating,21900,15
2802,2024,District Court - West,Public Nuisance,30400,25
2803,2024,District Court - North,NDPS,19400,12
2804,2024,District Court - North,Theft,12100,37
2805,2024,District Court - East,Domestic Dispute,34300,1
2806,2024,District Court - West,Cyber Offence,13800,17
2807,2024,District Court - West,Domestic Dispute,19800,8
2808,2024,District Court - Central,Domestic Dispute,99000,31
2809,2024,District Court - East,Assault,11100,1
2810,2024,District Court - Central,NDPS,9000,2
2811,2024,District Court - North,Domestic Dispute,10800,20
2812,2024,District Court - East,Cheating,24500,28
2813,2024,District Court - Central,Domestic Dispute,25000,18
2814,2024,District Court - North,Public Nuisance,8300,5
2815,2024,District Court - South,Cheating,57200,18
2816,2024,District Court - North,Theft,14200,17
2817,2024,District Court - West,Cyber Offence,26400,29
2818,2024,District Court - North,NDPS,15500,21
2819,2024,District Court - West,Theft,14000,23
2820,2024,District Court - Central,Public Nuisance,60100,17
2821,2024,District Court - North,Public Nuisance,36200,22
2822,2024,District Court - Central,Assault,31500,27
2823,2024,District Court - Central,Assault,9800,3
2824,2024,District Court - North,Cheating,35500,2
2825,2024,District Court - South,NDPS,14600,2
2826,2024,District Court - North,Cheating,13300,13
2827,2024,District Court - Central,Cheating,71000,11
2828,2024,District Court - South,Domestic Dispute,10800,21
2829,2024,District Court - North,Theft,16800,9
2830,2024,District Court - West,NDPS,22400,28
2831,2024,District Court - Central,Cheating,36100,11
2832,2024,District Court - North,NDPS,10700,18
2833,2024,District Court - Central,Public Nuisance,29000,8
2834,2024,District Court - West,Cyber Offence,21400,40
2835,2024,District Court - Central,NDPS,68600,15
2836,2024,District Court - West,Cyber Offence,40700,28
2837,2024,District Court - Central,Cyber Offence,21400,45
2838,2024,District Court - Central,Domestic Dispute,7700,7
2839,2024,District Court - West,Cyber Offence,13800,40
2840,2024,District Court - South,NDPS,21300,44
2841,2024,District Court - East,Theft,10100,10
2842,2024,District Court - West,NDPS,7100,24
2843,2024,District Court - North,Assault,68400,4
2844,2024,District Court - Central,Public Nuisance,26000,38
2845,2024,District Court - South,NDPS,8200,9
2846,2024,District Court - Central,Assault,11000,30
2847,2024,District Court - South,Cyber Offence,30200,3
2848,2024,District Court - South,Assault,17500,23
2849,2024,District Court - South,Cheating,5300,17
2850,2024,District Court - Central,Domestic Dispute,56700,6
2851,2024,District Court - East,NDPS,4300,12
2852,2024,District Court - North,Public Nuisance,14500,18
2853,2024,District Court - East,Domestic Dispute,29100,1
2854,2024,District Court - South,Public Nuisance,35100,37
2855,2024,District Court - North,Domestic Dispute,36800,44
2856,2024,District Court - North,Theft,15400,19
2857,2024,District Court - East,Assault,24700,27
2858,2024,District Court - East,Public Nuisance,17200,17
2859,2024,District Court - South,Cyber Offence,7900,9
2860,2024,District Court - South,NDPS,20500,8
2861,2024,District Court - South,Cyber Offence,12400,24
2862,2024,District Court - North,NDPS,11500,40
2863,2024,District Court - West,Theft,32200,43
2864,2024,District Court - South,Theft,23100,4
2865,2024,District Court - Central,Theft,4400,8
2866,2024,District Court - North,Cyber Offence,31400,8
2867,2024,District Court - Central,Public Nuisance,12600,38
2868,2024,District Court - East,Domestic Dispute,27100,36
2869,2024,District Court - West,Theft,15400,31
2870,2024,District Court - North,Cyber Offence,17400,23
2871,2024,District Court - West,Theft,2700,18
2872,2024,District Court - West,Cyber Offence,14200,31
2873,2024,District Court - East,Theft,5100,32
2874,2024,District Court - West,Theft,19800,42
2875,2024,District Court - North,Cheating,33700,21
2876,2024,District Court - South,Cyber Offence,6600,40
2877,2024,District Court - East,Theft,10200,44
2878,2024,District Court - North,Domestic Dispute,16300,18
2879,2024,District Court - West,Theft,22000,16
2880,2024,District Court - South,Assault,29900,44
2881,2024,District Court - East,Cheating,6000,43
2882,2024,District Court - West,Domestic Dispute,12500,18
2883,2024,District Court - West,Cheating,9500,31
2884,2024,District Court - South,Public Nuisance,14800,13
2885,2024,District Court - Central,Cyber Offence,8400,35
2886,2024,District Court - Central,NDPS,21800,44
2887,2024,District Court - Central,Cyber Offence,21300,38
2888,2024,District Court - Central,Domestic Dispute,6200,23
2889,2024,District Court - North,Domestic Dispute,13600,24
2890,2024,District Court - South,Cheating,53000,22
2891,2024,District Court - Central,Cheating,19800,25
2892,2024,District Court - East,Cyber Offence,26800,37
2893,2024,District Court - East,Assault,13100,27
2894,2024,District Court - Central,NDPS,20300,39
2895,2024,District Court - Central,NDPS,25800,5
2896,2024,District Court - Central,NDPS,46700,11
2897,2024,District Court - South,Domestic Dispute,9300,25
2898,2024,District Court - North,Domestic Dispute,2900,24
2899,2024,District Court - South,Theft,4800,13
2900,2024,District Court - East,Theft,16000,24
2901,2024,District Court - South,Public Nuisance,10600,20
2902,2024,District Court - West,NDPS,6800,11
2903,2024,District Court - South,Cyber Offence,37000,31
2904,2024,District Court - East,Cheating,20200,1
2905,2024,District Court - North,Domestic Dispute,21000,14
2906,2024,District Court - North,Cheating,26700,15
2907,2024,District Court - North,Assault,38000,5
2908,2024,District Court - South,Cyber Offence,17400,3
2909,2024,District Court - East,Cheating,17900,33
2910,2024,District Court - Central,Cheating,12000,28
2911,2024,District Court - West,Cyber Offence,9000,16
2912,2024,District Court - West,Cheating,10600,1
2913,2024,District Court - East,Cheating,42600,4
2914,2024,District Court - West,Assault,12800,5
2915,2024,District Court - Central,Public Nuisance,33500,21
2916,2024,District Court - West,NDPS,18500,18
2917,2024,District Court - Central,Assault,21600,22
2918,2024,District Court - West,Assault,13000,40
2919,2024,District Court - South,Cyber Offence,13900,27
2920,2024,District Court - West,Domestic Dispute,17000,35
2921,2024,District Court - North,Public Nuisance,24400,41
2922,2024,District Court - Central,NDPS,8900,42
2923,2024,District Court - Central,Cyber Offence,23700,1
2924,2024,District Court - East,Assault,12100,22
2925,2024,District Court - South,Theft,9000,31
2926,2024,District Court - North,Domestic Dispute,5600,36
2927,2024,District Court - Central,Cyber Offence,15600,29
2928,2024,District Court - West,Theft,2500,33
2929,2024,District Court - North,NDPS,24800,22
2930,2024,District Court - North,Theft,14800,16
2931,2024,District Court - North,NDPS,10600,18
2932,2024,District Court - East,Cheating,17000,20
2933,2024,District Court - Central,Assault,42400,26
2934,2024,District Court - South,Theft,17000,33
2935,2024,District Court - South,Assault,11600,10
2936,2024,District Court - West,Public Nuisance,16100,2
2937,2024,District Court - North,Public Nuisance,13600,14
2938,2024,District Court - Central,Domestic Dispute,28800,4
2939,2024,District Court - South,Cyber Offence,45100,36
2940,2024,District Court - East,NDPS,34900,10
2941,2024,District Court - South,Public Nuisance,27400,16
2942,2024,District Court - West,Domestic Dispute,8300,14
2943,2024,District Court - North,Cheating,7900,40
2944,2024,District Court - North,Public Nuisance,13500,39
2945,2024,District Court - West,Theft,8100,28
2946,2024,District Court - East,NDPS,15500,16
2947,2024,District Court - Central,NDPS,51400,36
2948,2024,District Court - North,Public Nuisance,5800,8
2949,2024,District Court - Central,Public Nuisance,30200,4
2950,2024,District Court - West,Public Nuisance,24900,3
2951,2024,District Court - Central,Public Nuisance,12500,7
2952,2024,District Court - South,Theft,14900,22
2953,2024,District Court - Central,Cyber Offence,18600,20
2954,2024,District Court - South,Cheating,16100,40
2955,2024,District Court - West,Public Nuisance,21900,14
2956,2024,District Court - North,Public Nuisance,55500,33
2957,2024,District Court - West,NDPS,22700,2
2958,2024,District Court - Central,Domestic Dispute,10700,25
2959,2024,District Court - East,Cheating,6900,33
2960,2024,District Court - West,Cheating,12500,2
2961,2024,District Court - West,Domestic Dispute,19700,29
2962,2024,District Court - South,Public Nuisance,11600,34
2963,2024,District Court - North,Domestic Dispute,8900,15
2964,2024,District Court - South,Theft,37300,39
2965,2024,District Court - West,Theft,21900,6
2966,2024,District Court - East,Public Nuisance,17300,15
2967,2024,District Court - East,Public Nuisance,18200,28
2968,2024,District Court - West,Cheating,11300,34
2969,2024,District Court - West,NDPS,12700,39
2970,2024,District Court - East,Assault,11900,5
2971,2024,District Court - West,NDPS,11900,37
2972,2024,District Court - South,Assault,27700,15
2973,2024,District Court - North,Cheating,40100,37
2974,2024,District Court - East,Assault,16100,19
2975,2024,District Court - West,Assault,6700,22
2976,2024,District Court - East,Cheating,22500,41
2977,2024,District Court - Central,Cyber Offence,31400,23
2978,2024,District Court - Central,Public Nuisance,6000,24
2979,2024,District Court - South,Cheating,30000,6
2980,2024,District Court - South,Cheating,10600,35
2981,2024,District Court - North,Public Nuisance,6600,26
2982,2024,District Court - North,Assault,41700,15
2983,2024,District Court - East,Assault,13400,17
2984,2024,District Court - North,NDPS,41300,30
2985,2024,District Court - North,Public Nuisance,6200,28
2986,2024,District Court - North,Public Nuisance,8600,36
2987,2024,District Court - South,Domestic Dispute,6200,7
2988,2024,District Court - East,Domestic Dispute,38300,30
2989,2024,District Court - South,Assault,16400,13
2990,2024,District Court - West,Theft,46900,11
2991,2024,District Court - Central,Assault,14000,9
2992,2024,District Court - North,Theft,11600,22
2993,2024,District Court - Central,Assault,18800,23
2994,2024,District Court - Central,Domestic Dispute,16000,44
2995,2024,District Court - South,Cheating,17500,2
2996,2024,District Court - East,Cyber Offence,11700,16
2997,2024,District Court - West,Cheating,19700,34
2998,2024,District Court - Central,Domestic Dispute,8700,16
2999,2024,District Court - South,Cyber Offence,8000,31
3000,2024,District Court - East,Theft,9400,2
3001,2024,District Court - East,Public Nuisance,10700,24
3002,2024,District Court - East,Public Nuisance,46900,30
3003,2024,District Court - Central,Domestic Dispute,8500,7
3004,2024,District Court - Central,Theft,21600,22
3005,2024,District Court - East,Cheating,7100,33
3006,2024,District Court - South,Public Nuisance,43100,44
3007,2024,District Court - South,Domestic Dispute,26100,42
3008,2024,District Court - Central,Assault,32900,38
3009,2024,District Court - North,Domestic Dispute,18800,29
3010,2024,District Court - North,Cheating,19300,33
3011,2024,District Court - South,Assault,22300,32
3012,2024,District Court - Central,Cyber Offence,16700,17
3013,2024,District Court - North,Domestic Dispute,38400,27
3014,2024,District Court - North,Cyber Offence,4700,9
3015,2024,District Court - East,NDPS,105200,14
3016,2024,District Court - North,Domestic Dispute,21000,37
3017,2024,District Court - Central,Theft,10600,6
3018,2024,District Court - East,NDPS,34700,28
3019,2024,District Court - West,Public Nuisance,37000,42
3020,2024,District Court - West,Cheating,19600,38
3021,2024,District Court - East,Cheating,8400,17
3022,2024,District Court - North,Cyber Offence,11600,12
3023,2024,District Court - West,Domestic Dispute,9600,3
3024,2024,District Court - East,Cheating,11900,26
3025,2024,District Court - East,Cyber Offence,31400,27
3026,2024,District Court - West,Domestic Dispute,29000,38
3027,2024,District Court - South,Assault,15000,10
3028,2024,District Court - East,NDPS,10400,12
3029,2024,District Court - Central,Public Nuisance,16000,42
3030,2024,District Court - Central,Cyber Offence,34400,45
3031,2024,District Court - West,Domestic Dispute,9100,16
3032,2024,District Court - West,Theft,18300,27
3033,2024,District Court - East,Domestic Dispute,20000,32
3034,2024,District Court - West,Assault,7400,13
3035,2024,District Court - North,Domestic Dispute,4400,14
3036,2024,District Court - South,Cheating,39700,43
3037,2024,District Court - South,NDPS,15600,38
3038,2024,District Court - Central,Public Nuisance,15300,25
3039,2024,District Court - East,Assault,20500,20
3040,2024,District Court - West,Theft,12800,43
3041,2024,District Court - South,Domestic Dispute,18600,30
3042,2024,District Court - North,NDPS,8100,18
3043,2024,District Court - Central,Assault,5000,31
3044,2024,District Court - Central,Theft,14300,9
3045,2024,District Court - West,Cheating,7700,38
3046,2024,District Court - West,Domestic Dispute,12800,32
3047,2024,District Court - Central,Public Nuisance,39600,33
3048,2024,District Court - East,Cheating,12500,7
3049,2024,District Court - West,Assault,26300,38
3050,2024,District Court - South,Theft,14700,23
3051,2024,District Court - North,Cyber Offence,5800,41
3052,2024,District Court - South,Assault,18400,41
3053,2024,District Court - South,Cyber Offence,11600,5
3054,2024,District Court - Central,Theft,25600,25
3055,2024,District Court - North,Theft,6100,7
3056,2024,District Court - South,Domestic Dispute,7400,38
3057,2024,District Court - Central,Theft,5200,11
3058,2024,District Court - West,Cheating,32500,19
3059,2024,District Court - North,Theft,12400,21
3060,2024,District Court - South,Theft,29900,29
3061,2024,District Court - West,Assault,7400,2
3062,2024,District Court - East,NDPS,45500,40
3063,2024,District Court - North,Cyber Offence,53700,20
3064,2024,District Court - West,Theft,23300,34
3065,2024,District Court - East,Theft,27200,39
3066,2024,District Court - North,NDPS,35700,8
3067,2024,District Court - West,Domestic Dispute,50400,39
3068,2024,District Court - North,Public Nuisance,51600,13
3069,2024,District Court - East,Cheating,28200,12
3070,2024,District Court - North,Theft,12400,25
3071,2024,District Court - North,Assault,28800,18
3072,2024,District Court - West,Cheating,19000,2
3073,2024,District Court - East,Domestic Dispute,23800,43
3074,2024,District Court - West,NDPS,41600,37
3075,2024,District Court - Central,Assault,45500,21
3076,2024,District Court - North,Domestic Dispute,11900,4
3077,2024,District Court - Central,Cyber Offence,37000,33
3078,2024,District Court - Central,Assault,9300,12
3079,2024,District Court - East,Cheating,36300,32
3080,2024,District Court - North,Cheating,11700,39
3081,2024,District Court - North,Cheating,10700,15
3082,2024,District Court - West,Cheating,19400,26
3083,2024,District Court - West,Assault,11000,10
3084,2024,District Court - Central,Domestic Dispute,10900,21
3085,2024,District Court - East,Cheating,34100,5
3086,2024,District Court - East,Public Nuisance,50300,35
3087,2024,District Court - North,NDPS,18700,6
3088,2024,District Court - North,Assault,31600,36
3089,2024,District Court - South,Theft,29000,37
3090,2024,District Court - North,Cyber Offence,4300,11
3091,2024,District Court - West,Domestic Dispute,7300,18
3092,2024,District Court - South,Domestic Dispute,14000,26
3093,2024,District Court - East,Public Nuisance,10800,18
3094,2024,District Court - West,Domestic Dispute,28400,45
3095,2024,District Court - Central,Cyber Offence,12800,42
3096,2024,District Court - North,Cheating,15400,29
3097,2024,District Court - West,Cyber Offence,6700,44
3098,2024,District Court - South,NDPS,15800,36
3099,2024,District Court - West,Assault,30600,25
3100,2024,District Court - North,Domestic Dispute,34600,43
3101,2024,District Court - South,Theft,7500,31
3102,2024,District Court - Central,Cheating,13300,5
3103,2024,District Court - South,Cyber Offence,17200,15
3104,2024,District Court - East,Cheating,13300,13
3105,2024,District Court - North,Cyber Offence,5400,2
3106,2024,District Court - Central,Cyber Offence,8500,4
3107,2024,District Court - North,Cyber Offence,28900,35
3108,2024,District Court - North,Cyber Offence,17300,20
3109,2024,District Court - Central,NDPS,12700,5
3110,2024,District Court - Central,Domestic Dispute,36100,37
3111,2024,District Court - North,Cheating,8900,38
3112,2024,District Court - Central,Theft,9600,34
3113,2024,District Court - West,NDPS,13400,28
3114,2024,District Court - East,Public Nuisance,13900,18
3115,2024,District Court - West,Theft,8800,17
3116,2024,District Court - Central,Public Nuisance,4400,37
3117,2024,District Court - East,Cheating,48500,29
3118,2024,District Court - South,Theft,4500,8
3119,2024,District Court - West,Assault,11100,24
3120,2024,District Court - West,Domestic Dispute,44200,21
3121,2024,District Court - South,Public Nuisance,10400,36
3122,2024,District Court - South,NDPS,30300,14
3123,2024,District Court - North,Assault,16900,42
3124,2024,District Court - Central,Cyber Offence,18200,9
3125,2024,District Court - West,Assault,4900,16
3126,2024,District Court - Central,Assault,52600,18
3127,2024,District Court - West,Public Nuisance,25900,10
3128,2024,District Court - East,NDPS,40800,13
3129,2024,District Court - South,Assault,21700,1
3130,2024,District Court - Central,Theft,7200,39
3131,2024,District Court - North,Cyber Offence,22800,36
3132,2024,District Court - South,Cheating,11900,18
3133,2024,District Court - South,NDPS,12300,18
3134,2024,District Court - South,Cyber Offence,11200,18
3135,2024,District Court - East,NDPS,21300,22
3136,2024,District Court - South,Theft,21100,10
3137,2024,District Court - North,NDPS,29600,13
3138,2024,District Court - North,Theft,28300,30
3139,2024,District Court - South,Assault,36300,24
3140,2024,District Court - North,Theft,14100,29
3141,2024,District Court - West,Theft,12900,41
3142,2024,District Court - South,Assault,10500,23
3143,2024,District Court - North,Cyber Offence,25200,39
3144,2024,District Court - West,Domestic Dispute,9700,33
3145,2024,District Court - Central,NDPS,42900,7
3146,2024,District Court - Central,Assault,12300,45
3147,2024,District Court - East,Cyber Offence,2500,45
3148,2024,District Court - South,Cyber Offence,10300,8
3149,2024,District Court - Central,Domestic Dispute,6700,38
3150,2024,District Court - West,Assault,13400,30
3151,2024,District Court - Central,Cheating,16400,40
3152,2024,District Court - South,NDPS,18500,21
3153,2024,District Court - East,Cyber Offence,39700,14
3154,2024,District Court - West,Cheating,43000,41
3155,2024,District Court - Central,Cyber Offence,3300,21
3156,2024,District Court - West,NDPS,10400,24
3157,2024,District Court - East,Cheating,56300,44
3158,2024,District Court - East,Public Nuisance,4800,41
3159,2024,District Court - North,Assault,39400,30
3160,2024,District Court - North,Public Nuisance,20200,26
3161,2024,District Court - South,Assault,18800,6
3162,2024,District Court - West,Cheating,16300,6
3163,2024,District Court - East,Cheating,48600,43
3164,2024,District Court - North,Theft,16500,1
3165,2024,District Court - West,Public Nuisance,11200,14
3166,2024,District Court - Central,Cyber Offence,6900,9
3167,2024,District Court - East,Cyber Offence,39000,42
3168,2024,District Court - South,Assault,9900,2
3169,2024,District Court - West,Cheating,16700,23
3170,2024,District Court - Central,Assault,28700,1
3171,2024,District Court - North,Cyber Offence,18300,38
3172,2024,District Court - East,Domestic Dispute,15300,17
3173,2024,District Court - East,Cyber Offence,73900,27
3174,2024,District Court - South,Cyber Offence,8200,9
3175,2024,District Court - South,NDPS,38400,28
3176,2024,District Court - East,Assault,8900,19
3177,2024,District Court - West,Cheating,6100,16
3178,2024,District Court - Central,Public Nuisance,10200,36
3179,2024,District Court - North,NDPS,16300,1
3180,2024,District Court - North,NDPS,27800,13
3181,2024,District Court - North,Theft,40900,38
3182,2024,District Court - West,Cheating,19200,7
3183,2024,District Court - East,Public Nuisance,16000,18
3184,2024,District Court - North,Cyber Offence,16600,37
3185,2024,District Court - West,NDPS,6500,26
3186,2024,District Court - North,Cyber Offence,8700,16
3187,2024,District Court - North,Assault,11900,28
3188,2024,District Court - East,Cheating,10800,7
3189,2024,District Court - East,Assault,33000,13
3190,2024,District Court - East,Domestic Dispute,10200,5
3191,2024,District Court - North,NDPS,8500,19
3192,2024,District Court - West,Theft,10100,1
3193,2024,District Court - Central,Public Nuisance,16300,2
3194,2024,District Court - South,Public Nuisance,13400,38
3195,2024,District Court - North,Theft,22300,1
3196,2024,District Court - East,NDPS,53000,14
3197,2024,District Court - Central,Public Nuisance,19600,14
3198,2024,District Court - North,Cyber Offence,14700,3
3199,2024,District Court - North,Cyber Offence,6900,23
3200,2024,District Court - North,Public Nuisance,40600,39
3201,2024,District Court - North,Cheating,33400,1
3202,2024,District Court - North,Cheating,13800,16
3203,2024,District Court - West,Cyber Offence,12400,37
3204,2024,District Court - North,NDPS,41100,20
3205,2024,District Court - East,Public Nuisance,33200,27
3206,2024,District Court - North,Theft,34100,42
3207,2024,District Court - South,Domestic Dispute,28600,9
3208,2024,District Court - East,Theft,50100,5
3209,2024,District Court - Central,Theft,33700,4
3210,2024,District Court - East,NDPS,4900,45
3211,2024,District Court - South,Assault,16100,5
3212,2024,District Court - East,Assault,15300,38
3213,2024,District Court - West,NDPS,14300,23
3214,2024,District Court - South,NDPS,8600,16
3215,2024,District Court - East,Cheating,10900,17
3216,2024,District Court - West,NDPS,15700,10
3217,2024,District Court - North,Cyber Offence,13000,15
3218,2024,District Court - North,Cheating,16500,23
3219,2024,District Court - South,Cyber Offence,34700,20
3220,2024,District Court - North,Public Nuisance,11700,6
3221,2024,District Court - North,Public Nuisance,22200,38
3222,2024,District Court - Central,Assault,8400,19
3223,2024,District Court - West,NDPS,16400,44
3224,2024,District Court - East,Domestic Dispute,12500,12
3225,2024,District Court - North,Assault,4300,30
3226,2024,District Court - Central,Public Nuisance,25000,1
3227,2024,District Court - East,Assault,40700,18
3228,2024,District Court - West,Cyber Offence,37000,1
3229,2024,District Court - South,Public Nuisance,13700,29
3230,2024,District Court - West,NDPS,6700,3
3231,2024,District Court - Central,Assault,13400,20
3232,2024,District Court - North,Domestic Dispute,49300,1
3233,2024,District Court - Central,Domestic Dispute,11500,3
3234,2024,District Court - North,Cheating,6800,38
3235,2024,District Court - South,NDPS,6400,27
3236,2024,District Court - East,Assault,4500,23
3237,2024,District Court - East,NDPS,36600,41
3238,2024,District Court - East,Assault,12200,8
3239,2024,District Court - North,Cheating,50400,3
3240,2024,District Court - East,Cyber Offence,31200,23
3241,2024,District Court - West,Theft,8700,19
3242,2024,District Court - West,Domestic Dispute,14100,44
3243,2024,District Court - Central,Domestic Dispute,22600,31
3244,2024,District Court - East,Domestic Dispute,17000,45
3245,2024,District Court - East,Public Nuisance,27900,17
3246,2024,District Court - South,NDPS,27100,37
3247,2024,District Court - Central,Theft,19100,16
3248,2024,District Court - East,Domestic Dispute,4500,37
3249,2024,District Court - Central,Domestic Dispute,12600,38
3250,2024,District Court - West,Assault,18400,26
3251,2024,District Court - North,Domestic Dispute,53400,40
3252,2024,District Court - Central,Domestic Dispute,5600,11
3253,2024,District Court - West,Assault,13100,36
3254,2024,District Court - East,Assault,7500,37
3255,2024,District Court - Central,Cheating,34200,7
3256,2024,District Court - Central,Domestic Dispute,43700,26
3257,2024,District Court - Central,NDPS,38100,26
3258,2024,District Court - North,Public Nuisance,12500,1
3259,2024,District Court - West,Cyber Offence,10700,17
3260,2024,District Court - East,Cheating,11900,9
3261,2024,District Court - East,Theft,7400,16
3262,2024,District Court - Central,Cyber Offence,9300,34
3263,2024,District Court - Central,Theft,34800,30
3264,2024,District Court - Central,NDPS,14100,20
3265,2024,District Court - West,Cyber Offence,27900,3
3266,2024,District Court - South,Cyber Offence,5700,12
3267,2024,District Court - Central,Cheating,8100,40
3268,2024,District Court - West,Assault,13400,39
3269,2024,District Court - South,Theft,28600,6
3270,2024,District Court - Central,NDPS,6400,32
3271,2024,District Court - South,Cheating,42000,8
3272,2024,District Court - North,NDPS,21200,14
3273,2024,District Court - South,Cyber Offence,20100,11
3274,2024,District Court - Central,Cheating,11600,35
3275,2024,District Court - North,Assault,9600,18
3276,2024,District Court - South,Domestic Dispute,7800,38
3277,2024,District Court - Central,Assault,5500,31
3278,2024,District Court - East,Assault,5800,16
3279,2024,District Court - South,Cheating,18000,22
3280,2024,District Court - Central,Cheating,22600,7
3281,2024,District Court - South,Cheating,7900,34
3282,2024,District Court - Central,Assault,12600,4
3283,2024,District Court - Central,Cheating,7000,45
3284,2024,District Court - North,NDPS,41300,11
3285,2024,District Court - East,NDPS,34400,4
3286,2024,District Court - Central,NDPS,22600,6
3287,2024,District Court - East,Theft,9600,19
3288,2024,District Court - West,Cyber Offence,10300,2
3289,2024,District Court - South,NDPS,21400,4
3290,2024,District Court - Central,Theft,65700,40
3291,2024,District Court - East,Public Nuisance,10900,33
3292,2024,District Court - West,Public Nuisance,19900,16
3293,2024,District Court - West,Domestic Dispute,10100,34
3294,2024,District Court - Central,Cyber Offence,12000,42
3295,2024,District Court - South,Cheating,28300,2
3296,2024,District Court - South,Cyber Offence,11100,17
3297,2024,District Court - North,Cyber Offence,19500,16
3298,2024,District Court - West,Cheating,18200,2
3299,2024,District Court - South,Public Nuisance,22800,36
3300,2024,District Court - South,Assault,52200,7
3301,2024,District Court - North,NDPS,15100,37
3302,2024,District Court - South,Cheating,31400,45
3303,2024,District Court - West,Cyber Offence,27200,41
3304,2024,District Court - North,Cyber Offence,23200,12
3305,2024,District Court - East,Cyber Offence,12300,21
3306,2024,District Court - East,Assault,12200,38
3307,2024,District Court - South,Domestic Dispute,7200,36
3308,2024,District Court - East,Cheating,42000,12
3309,2024,District Court - South,Public Nuisance,28200,25
3310,2024,District Court - East,NDPS,7300,37
3311,2024,District Court - East,Cheating,20100,44
3312,2024,District Court - North,Domestic Dispute,17100,29
3313,2024,District Court - North,Assault,29500,12
3314,2024,District Court - North,NDPS,10800,30
3315,2024,District Court - Central,Cyber Offence,10200,14
3316,2024,District Court - South,Assault,32200,44
3317,2024,District Court - Central,Public Nuisance,8700,26
3318,2024,District Court - West,Public Nuisance,7400,36
3319,2024,District Court - South,NDPS,13300,11
3320,2024,District Court - West,Domestic Dispute,30800,27
3321,2024,District Court - Central,Theft,33800,16
3322,2024,District Court - Central,Assault,13400,2
3323,2024,District Court - South,Cheating,20700,41
3324,2024,District Court - East,NDPS,41000,45
3325,2024,District Court - Central,NDPS,24100,40
3326,2024,District Court - East,Cheating,18900,30
3327,2024,District Court - South,Cyber Offence,13700,38
3328,2024,District Court - North,Domestic Dispute,47900,42
3329,2024,District Court - Central,NDPS,23700,23
3330,2024,District Court - East,Theft,58200,32
3331,2024,District Court - South,Domestic Dispute,33800,11
3332,2024,District Court - South,NDPS,13600,23
3333,2024,District Court - North,Cheating,18700,28
3334,2024,District Court - Central,Cyber Offence,13800,6
3335,2024,District Court - North,Cheating,15400,13
3336,2024,District Court - West,Public Nuisance,6300,38
3337,2024,District Court - West,Assault,10700,31
3338,2024,District Court - East,Assault,83100,32
3339,2024,District Court - West,Cyber Offence,22100,16
3340,2024,District Court - West,Cyber Offence,33600,11
3341,2024,District Court - West,Theft,10500,17
3342,2024,District Court - South,NDPS,11300,22
3343,2024,District Court - West,Cyber Offence,10100,40
3344,2024,District Court - West,Assault,9300,29
3345,2024,District Court - West,Assault,31900,28
3346,2024,District Court - North,Domestic Dispute,14300,25
3347,2024,District Court - North,Cheating,10400,29
3348,2024,District Court - North,Public Nuisance,20600,35
3349,2024,District Court - South,Domestic Dispute,8500,37
3350,2024,District Court - Central,Assault,12800,23
3351,2024,District Court - North,Theft,29200,29
3352,2024,District Court - East,NDPS,25600,18
3353,2024,District Court - West,Domestic Dispute,25000,15
3354,2024,District Court - North,Assault,23000,2
3355,2024,District Court - South,Assault,36300,18
3356,2024,District Court - East,Cheating,27100,37
3357,2024,District Court - North,NDPS,26600,13
3358,2024,District Court - Central,Public Nuisance,54700,37
3359,2024,District Court - South,NDPS,16200,25
3360,2024,District Court - Central,Assault,6400,12
3361,2024,District Court - South,Cheating,6500,20
3362,2024,District Court - North,Assault,26800,34
3363,2024,District Court - East,Assault,17700,45
3364,2024,District Court - Central,Public Nuisance,8900,20
3365,2024,District Court - North,NDPS,26000,4
3366,2024,District Court - North,Cyber Offence,53300,28
3367,2024,District Court - West,Theft,13200,33
3368,2024,District Court - East,Public Nuisance,22600,13
3369,2024,District Court - South,NDPS,4800,20
3370,2024,District Court - Central,Cheating,10900,6
3371,2024,District Court - West,Cheating,11400,3
3372,2024,District Court - Central,NDPS,22300,43
3373,2024,District Court - South,Cyber Offence,46900,31
3374,2024,District Court - Central,Theft,36100,12
3375,2024,District Court - Central,Cheating,9400,14
3376,2024,District Court - South,Assault,13800,36
3377,2024,District Court - East,Domestic Dispute,12500,12
3378,2024,District Court - South,Cheating,19700,19
3379,2024,District Court - South,NDPS,20200,11
3380,2024,District Court - Central,Assault,25200,17
3381,2024,District Court - East,Public Nuisance,8600,25
3382,2024,District Court - East,Theft,12300,17
3383,2024,District Court - South,NDPS,2700,43
3384,2024,District Court - North,Domestic Dispute,62500,31
3385,2024,District Court - South,Cyber Offence,13300,43
3386,2024,District Court - East,Assault,11900,27
3387,2024,District Court - East,NDPS,25800,15
3388,2024,District Court - North,Cyber Offence,15200,15
3389,2024,District Court - South,Domestic Dispute,8100,17
3390,2024,District Court - Central,Domestic Dispute,15500,11
3391,2024,District Court - North,Public Nuisance,43700,27
3392,2024,District Court - East,Cheating,12400,31
3393,2024,District Court - West,NDPS,17900,9
3394,2024,District Court - South,Theft,20700,5
3395,2024,District Court - West,NDPS,3900,9
3396,2024,District Court - East,Assault,46200,41
3397,2024,District Court - North,Domestic Dispute,17300,10
3398,2024,District Court - East,Cyber Offence,14400,33
3399,2024,District Court - North,Theft,26600,10
3400,2024,District Court - South,Cyber Offence,11700,44
3401,2024,District Court - West,Theft,18000,2
3402,2024,District Court - North,Cheating,19500,34
3403,2024,District Court - North,NDPS,14200,10
3404,2024,District Court - East,Theft,17500,37
3405,2024,District Court - South,NDPS,25700,40
3406,2024,District Court - North,Cheating,7500,19
3407,2024,District Court - North,Cheating,30300,44
3408,2024,District Court - South,Cheating,11900,34
3409,2024,District Court - North,Public Nuisance,17200,23
3410,2024,District Court - North,Public Nuisance,44100,17
3411,2024,District Court - West,NDPS,22600,5
3412,2024,District Court - West,Cyber Offence,11300,1
3413,2024,District Court - West,NDPS,24800,38
3414,2024,District Court - East,Cyber Offence,59000,16
3415,2024,District Court - West,Assault,5700,3
3416,2024,District Court - South,Cyber Offence,7400,41
3417,2024,District Court - West,Cyber Offence,19400,37
3418,2024,District Court - East,Cheating,20400,21
3419,2024,District Court - West,Assault,41100,18
3420,2024,District Court - Central,Cyber Offence,14000,37
3421,2024,District Court - South,Cheating,57900,21
3422,2024,District Court - Central,Cyber Offence,30900,27
3423,2024,District Court - East,Assault,7600,32
3424,2024,District Court - East,Theft,22700,34
3425,2024,District Court - North,Assault,32700,33
3426,2024,District Court - South,Cheating,20900,39
3427,2024,District Court - West,NDPS,61700,39
3428,2024,District Court - West,Public Nuisance,15600,44
3429,2024,District Court - East,Domestic Dispute,11600,18
3430,2024,District Court - South,Assault,5500,2
3431,2024,District Court - East,Cyber Offence,23900,35
3432,2024,District Court - West,Cyber Offence,17900,28
3433,2024,District Court - Central,Cyber Offence,12400,10
3434,2024,District Court - West,Cyber Offence,26600,16
3435,2024,District Court - North,Public Nuisance,5500,2
3436,2024,District Court - Central,Assault,11800,30
3437,2024,District Court - East,Theft,26500,3
3438,2024,District Court - North,Domestic Dispute,10100,24
3439,2024,District Court - North,Cheating,30500,25
3440,2024,District Court - East,NDPS,24300,14
3441,2024,District Court - South,NDPS,9400,6
3442,2024,District Court - East,Cheating,12600,28
3443,2024,District Court - West,NDPS,9300,9
3444,2024,District Court - West,Domestic Dispute,10800,39
3445,2024,District Court - West,NDPS,22000,31
3446,2024,District Court - North,Assault,11900,1
3447,2024,District Court - North,Cyber Offence,26500,18
3448,2024,District Court - West,Theft,33800,20
3449,2024,District Court - Central,Assault,39700,41
3450,2024,District Court - Central,Cyber Offence,35300,23
3451,2024,District Court - North,NDPS,13100,8
3452,2024,District Court - North,NDPS,46900,45
3453,2024,District Court - East,Cyber Offence,6700,21
3454,2024,District Court - West,Theft,12900,4
3455,2024,District Court - West,Theft,29000,45
3456,2024,District Court - Central,Domestic Dispute,8100,5
3457,2024,District Court - Central,Cyber Offence,19200,40
3458,2024,District Court - North,Cheating,35300,32
3459,2024,District Court - North,Cheating,47700,20
3460,2024,District Court - North,Theft,13900,24
3461,2024,District Court - West,Public Nuisance,24300,9
3462,2024,District Court - South,Public Nuisance,19500,9
3463,2024,District Court - North,NDPS,25000,39
3464,2024,District Court - East,Assault,11500,34
3465,2024,District Court - East,Cheating,18500,20
3466,2024,District Court - North,Assault,64600,31
3467,2024,District Court - Central,Domestic Dispute,14300,21
3468,2024,District Court - West,Domestic Dispute,42000,28
3469,2024,District Court - North,Assault,25800,27
3470,2024,District Court - South,Theft,41400,37
3471,2024,District Court - Central,Domestic Dispute,19100,7
3472,2024,District Court - Central,Domestic Dispute,10600,45
3473,2024,District Court - North,Domestic Dispute,30400,24
3474,2024,District Court - South,NDPS,6500,26
3475,2024,District Court - Central,Cheating,29200,12
3476,2024,District Court - East,Cyber Offence,18300,18
3477,2024,District Court - South,Domestic Dispute,15800,16
3478,2024,District Court - East,Public Nuisance,13100,10
3479,2024,District Court - South,Cyber Offence,7900,42
3480,2024,District Court - South,NDPS,29300,12
3481,2024,District Court - East,Cheating,21700,26
3482,2024,District Court - North,NDPS,28000,2
3483,2024,District Court - North,Domestic Dispute,3600,25
3484,2024,District Court - South,Cyber Offence,15000,43
3485,2024,District Court - Central,Assault,16600,30
3486,2024,District Court - Central,NDPS,6900,19
3487,2024,District Court - West,Domestic Dispute,32800,28
3488,2024,District Court - South,Cyber Offence,31600,25
3489,2024,District Court - North,Cheating,6200,30
3490,2024,District Court - Central,Cyber Offence,10900,17
3491,2024,District Court - South,Theft,22600,19
3492,2024,District Court - East,Cyber Offence,12300,24
3493,2024,District Court - West,Cyber Offence,4500,8
3494,2024,District Court - South,Domestic Dispute,12000,24
3495,2024,District Court - South,NDPS,11200,2
3496,2024,District Court - East,Cheating,17400,15
3497,2024,District Court - Central,Public Nuisance,22200,8
3498,2024,District Court - South,Public Nuisance,14600,5
3499,2024,District Court - Central,NDPS,15700,29
3500,2024,District Court - South,Assault,12300,3
3501,2024,District Court - West,Public Nuisance,75700,38
3502,2024,District Court - East,Public Nuisance,13300,11
3503,2024,District Court - South,Theft,10500,23
3504,2024,District Court - South,Cheating,29800,8
3505,2024,District Court - East,Theft,13200,26
3506,2024,District Court - South,NDPS,25400,13
3507,2024,District Court - North,Public Nuisance,18100,38
3508,2024,District Court - West,Domestic Dispute,10100,20
3509,2024,District Court - Central,Cheating,17100,23
3510,2024,District Court - East,Theft,20000,35
3511,2024,District Court - East,Cheating,9700,19
3512,2024,District Court - North,Cyber Offence,17400,12
3513,2024,District Court - West,Theft,24500,39
3514,2024,District Court - South,NDPS,53000,28
3515,2024,District Court - South,Assault,39800,2
3516,2024,District Court - Central,Theft,17300,27
3517,2024,District Court - Central,Cyber Offence,6200,41
3518,2024,District Court - East,Assault,8400,21
3519,2024,District Court - East,Domestic Dispute,46100,24
3520,2024,District Court - East,Assault,28900,41
3521,2024,District Court - Central,Cheating,10700,5
3522,2024,District Court - West,Theft,12900,32
3523,2024,District Court - North,Public Nuisance,5600,10
3524,2024,District Court - North,Assault,14900,19
3525,2024,District Court - North,Assault,7600,12
3526,2024,District Court - Central,Theft,46200,11
3527,2024,District Court - West,Domestic Dispute,21100,36
3528,2024,District Court - Central,Theft,11100,40
3529,2024,District Court - North,Public Nuisance,18100,5
3530,2024,District Court - East,Domestic Dispute,27000,28
3531,2024,District Court - East,Assault,10800,44
3532,2024,District Court - West,Public Nuisance,6100,24
3533,2024,District Court - East,Theft,14400,3
3534,2024,District Court - North,NDPS,19700,24
3535,2024,District Court - Central,Domestic Dispute,13000,32
3536,2024,District Court - South,Assault,24100,20
3537,2024,District Court - West,Domestic Dispute,30200,26
3538,2024,District Court - Central,NDPS,44900,5
3539,2024,District Court - West,Domestic Dispute,8200,31
3540,2024,District Court - Central,Cheating,18400,37
3541,2024,District Court - North,NDPS,8000,18
3542,2024,District Court - South,Theft,22500,15
3543,2024,District Court - West,NDPS,22800,33
3544,2024,District Court - Central,Cyber Offence,7200,37
3545,2024,District Court - Central,NDPS,17000,4
3546,2024,District Court - North,Cheating,11300,38
3547,2024,District Court - East,Cheating,34500,37
3548,2024,District Court - West,Theft,21600,29
3549,2024,District Court - Central,Assault,36900,7
3550,2024,District Court - Central,Cheating,13800,24
3551,2024,District Court - East,Public Nuisance,141800,45
3552,2024,District Court - South,Cyber Offence,17500,13
3553,2024,District Court - West,Theft,25200,34
3554,2024,District Court - North,Cyber Offence,11700,36
3555,2024,District Court - East,NDPS,14600,39
3556,2024,District Court - Central,Domestic Dispute,23900,16
3557,2024,District Court - South,Cyber Offence,15400,22
3558,2024,District Court - Central,NDPS,7500,43
3559,2024,District Court - Central,Assault,6500,24
3560,2024,District Court - East,Cheating,18100,32
3561,2024,District Court - North,Public Nuisance,8500,40
3562,2024,District Court - East,Assault,13600,10
3563,2024,District Court - North,NDPS,45100,18
3564,2024,District Court - South,Assault,31800,37
3565,2024,District Court - Central,Cyber Offence,11500,21
3566,2024,District Court - East,Theft,15200,45
3567,2024,District Court - North,Public Nuisance,10000,22
3568,2024,District Court - West,Public Nuisance,40700,22
3569,2024,District Court - South,Theft,14100,13
3570,2024,District Court - East,Cheating,12100,8
3571,2024,District Court - North,Domestic Dispute,6600,11
3572,2024,District Court - West,Theft,27600,15
3573,2024,District Court - Central,Cyber Offence,9500,1
3574,2024,District Court - Central,Theft,129900,33
3575,2024,District Court - Central,Cyber Offence,8700,5
3576,2024,District Court - East,Theft,7200,22
3577,2024,District Court - South,Cyber Offence,15100,22
3578,2024,District Court - West,NDPS,15400,21
3579,2024,District Court - Central,Domestic Dispute,18300,38
3580,2024,District Court - Central,Theft,7800,31
3581,2024,District Court - East,NDPS,34500,8
3582,2024,District Court - West,Cyber Offence,17600,36
3583,2024,District Court - West,Domestic Dispute,55000,28
3584,2024,District Court - East,Domestic Dispute,20600,28
3585,2024,District Court - West,Domestic Dispute,16600,12
3586,2024,District Court - North,Domestic Dispute,6200,1
3587,2024,District Court - Central,NDPS,2100,4
3588,2024,District Court - West,Domestic Dispute,50300,7
3589,2024,District Court - East,Assault,4900,31
3590,2024,District Court - North,Theft,20000,29
3591,2025,District Court - West,Domestic Dispute,23000,10
3592,2025,District Court - West,Cyber Offence,53400,2
3593,2025,District Court - East,Assault,8900,21
3594,2025,District Court - East,Public Nuisance,26000,12
3595,2025,District Court - North,Cyber Offence,57400,28
3596,2025,District Court - South,Theft,56400,44
3597,2025,District Court - West,Cyber Offence,10100,22
3598,2025,District Court - West,Cyber Offence,16900,35
3599,2025,District Court - Central,Cheating,30100,7
3600,2025,District Court - Central,Theft,34200,15
3601,2025,District Court - South,Theft,103900,36
3602,2025,District Court - Central,Theft,25500,18
3603,2025,District Court - East,Theft,19900,44
3604,2025,District Court - East,Domestic Dispute,7900,13
3605,2025,District Court - East,NDPS,12300,40
3606,2025,District Court - South,Cheating,38800,4
3607,2025,District Court - Central,Public Nuisance,26500,24
3608,2025,District Court - North,Domestic Dispute,55500,8
3609,2025,District Court - Central,Assault,23200,19
3610,2025,District Court - South,Theft,11000,43
3611,2025,District Court - North,NDPS,12800,39
3612,2025,District Court - West,Domestic Dispute,10600,36
3613,2025,District Court - West,Domestic Dispute,25700,25
3614,2025,District Court - South,NDPS,10500,31
3615,2025,District Court - East,Theft,16700,19
3616,2025,District Court - Central,Domestic Dispute,42400,1
3617,2025,District Court - West,Assault,27600,4
3618,2025,District Court - North,Theft,22200,25
3619,2025,District Court - Central,Public Nuisance,5800,27
3620,2025,District Court - North,Cheating,26500,31
3621,2025,District Court - West,Assault,17300,38
3622,2025,District Court - South,NDPS,18500,29
3623,2025,District Court - Central,Cheating,8100,6
3624,2025,District Court - South,Theft,28100,6
3625,2025,District Court - South,Cheating,12300,29
3626,2025,District Court - South,Theft,9400,19
3627,2025,District Court - West,Cyber Offence,4600,24
3628,2025,District Court - North,Public Nuisance,16500,3
3629,2025,District Court - West,Theft,15100,45
3630,2025,District Court - West,Public Nuisance,10300,33
3631,2025,District Court - South,Public Nuisance,50400,10
3632,2025,District Court - South,NDPS,30100,14
3633,2025,District Court - North,Public Nuisance,11500,24
3634,2025,District Court - Central,Assault,23500,2
3635,2025,District Court - West,Domestic Dispute,42800,10
3636,2025,District Court - North,Domestic Dispute,4900,35
3637,2025,District Court - South,Domestic Dispute,18000,24
3638,2025,District Court - Central,Cyber Offence,28800,5
3639,2025,District Court - South,Public Nuisance,22000,40
3640,2025,District Court - East,Theft,6400,19
3641,2025,District Court - North,Theft,18800,24
3642,2025,District Court - Central,NDPS,28700,37
3643,2025,District Court - South,NDPS,13000,28
3644,2025,District Court - South,NDPS,12600,37
3645,2025,District Court - Central,Theft,66500,41
3646,2025,District Court - Central,Cyber Offence,10600,7
3647,2025,District Court - North,NDPS,55200,45
3648,2025,District Court - West,Domestic Dispute,4700,3
3649,2025,District Court - Central,NDPS,20700,33
3650,2025,District Court - West,Cheating,27900,34
3651,2025,District Court - East,Cyber Offence,27000,16
3652,2025,District Court - West,Cheating,14800,41
3653,2025,District Court - Central,Cyber Offence,13500,17
3654,2025,District Court - Central,Public Nuisance,12900,2
3655,2025,District Court - West,Cyber Offence,33400,40
3656,2025,District Court - West,Domestic Dispute,45700,29
3657,2025,District Court - East,Cyber Offence,7600,5
3658,2025,District Court - West,Cyber Offence,10400,25
3659,2025,District Court - Central,Domestic Dispute,24900,39
3660,2025,District Court - North,NDPS,47700,38
3661,2025,District Court - South,Theft,33400,35
3662,2025,District Court - Central,Theft,41500,41
3663,2025,District Court - Central,Theft,35100,1
3664,2025,District Court - West,Cheating,7300,30
3665,2025,District Court - North,NDPS,13300,33
3666,2025,District Court - West,Assault,12800,21
3667,2025,District Court - West,Public Nuisance,6100,6
3668,2025,District Court - North,Theft,7300,23
3669,2025,District Court - East,Domestic Dispute,21500,21
3670,2025,District Court - North,Cheating,4100,31
3671,2025,District Court - West,Domestic Dispute,6100,5
3672,2025,District Court - West,Public Nuisance,10300,45
3673,2025,District Court - North,Theft,9900,22
3674,2025,District Court - Central,Theft,6100,29
3675,2025,District Court - Central,Domestic Dispute,50600,43
3676,2025,District Court - South,Assault,27100,2
3677,2025,District Court - Central,Assault,25400,28
3678,2025,District Court - North,NDPS,11000,4
3679,2025,District Court - South,NDPS,17700,5
3680,2025,District Court - South,Cheating,21700,34
3681,2025,District Court - East,Assault,23900,45
3682,2025,District Court - North,Cyber Offence,13300,3
3683,2025,District Court - North,Assault,15300,31
3684,2025,District Court - South,NDPS,21300,6
3685,2025,District Court - West,Cyber Offence,24900,42
3686,2025,District Court - Central,Public Nuisance,14700,3
3687,2025,District Court - Central,NDPS,37600,33
3688,2025,District Court - West,Public Nuisance,35100,20
3689,2025,District Court - North,Cyber Offence,12800,10
3690,2025,District Court - East,Theft,46300,21
3691,2025,District Court - South,Assault,12400,8
3692,2025,District Court - South,Cyber Offence,4500,19
3693,2025,District Court - East,Theft,18200,6
3694,2025,District Court - North,Cyber Offence,7300,20
3695,2025,District Court - West,Cheating,12500,37
3696,2025,District Court - South,Cheating,10900,28
3697,2025,District Court - North,Theft,18200,28
3698,2025,District Court - Central,Cyber Offence,47600,20
3699,2025,District Court - North,Cheating,6400,9
3700,2025,District Court - Central,Domestic Dispute,24100,14
3701,2025,District Court - West,Domestic Dispute,23000,45
3702,2025,District Court - North,Assault,34100,19
3703,2025,District Court - East,Public Nuisance,19000,10
3704,2025,District Court - East,Theft,25500,20
3705,2025,District Court - East,Assault,32800,40
3706,2025,District Court - West,Theft,4500,25
3707,2025,District Court - West,NDPS,51800,35
3708,2025,District Court - East,Assault,15800,39
3709,2025,District Court - South,Assault,9200,38
3710,2025,District Court - West,Cyber Offence,33300,11
3711,2025,District Court - East,Public Nuisance,12800,31
3712,2025,District Court - South,Assault,15000,43
3713,2025,District Court - South,Cheating,4500,2
3714,2025,District Court - East,Public Nuisance,31000,1
3715,2025,District Court - East,NDPS,28300,41
3716,2025,District Court - South,Theft,20300,43
3717,2025,District Court - East,Public Nuisance,54800,10
3718,2025,District Court - West,Domestic Dispute,64000,12
3719,2025,District Court - South,Domestic Dispute,43500,42
3720,2025,District Court - South,Theft,4300,30
3721,2025,District Court - Central,Cyber Offence,34200,45
3722,2025,District Court - North,Domestic Dispute,20600,7
3723,2025,District Court - West,Cyber Offence,4900,20
3724,2025,District Court - South,Public Nuisance,17600,11
3725,2025,District Court - South,Domestic Dispute,8200,41
3726,2025,District Court - Central,Domestic Dispute,19500,43
3727,2025,District Court - West,Public Nuisance,6600,4
3728,2025,District Court - East,Domestic Dispute,19700,25
3729,2025,District Court - East,Domestic Dispute,27900,42
3730,2025,District Court - Central,Assault,9600,36
3731,2025,District Court - South,Cheating,48600,38
3732,2025,District Court - North,Cheating,63300,3
3733,2025,District Court - South,Cheating,11600,42
3734,2025,District Court - West,Theft,9900,34
3735,2025,District Court - North,Domestic Dispute,36700,38
3736,2025,District Court - East,Cyber Offence,25300,2
3737,2025,District Court - Central,Assault,32700,40
3738,2025,District Court - West,Cheating,55200,39
3739,2025,District Court - East,Domestic Dispute,23100,22
3740,2025,District Court - South,Assault,15000,2
3741,2025,District Court - South,Assault,17200,42
3742,2025,District Court - North,NDPS,7200,29
3743,2025,District Court - Central,Domestic Dispute,25200,18
3744,2025,District Court - South,Cyber Offence,12600,28
3745,2025,District Court - East,Public Nuisance,43800,18
3746,2025,District Court - Central,Assault,12800,31
3747,2025,District Court - East,Cheating,42400,25
3748,2025,District Court - West,NDPS,22800,11
3749,2025,District Court - West,Public Nuisance,19100,12
3750,2025,District Court - East,Cheating,10200,5
3751,2025,District Court - Central,Domestic Dispute,11800,13
3752,2025,District Court - North,Public Nuisance,7600,25
3753,2025,District Court - North,Cheating,32100,12
3754,2025,District Court - West,Public Nuisance,7200,27
3755,2025,District Court - South,Cheating,7000,14
3756,2025,District Court - West,Cheating,22900,37
3757,2025,District Court - East,Theft,34000,30
3758,2025,District Court - North,Theft,23100,43
3759,2025,District Court - West,Domestic Dispute,17200,20
3760,2025,District Court - South,NDPS,67200,32
3761,2025,District Court - West,NDPS,45300,40
3762,2025,District Court - South,Cyber Offence,22400,7
3763,2025,District Court - East,Theft,20600,2
3764,2025,District Court - East,Cheating,49800,37
3765,2025,District Court - West,Assault,8700,28
3766,2025,District Court - East,Cyber Offence,11900,31
3767,2025,District Court - Central,Domestic Dispute,12700,1
3768,2025,District Court - East,NDPS,26400,32
3769,2025,District Court - East,NDPS,19900,16
3770,2025,District Court - North,NDPS,29900,19
3771,2025,District Court - North,Cheating,15900,14
3772,2025,District Court - West,Assault,82100,38
3773,2025,District Court - South,Cyber Offence,16200,11
3774,2025,District Court - South,Theft,14200,45
3775,2025,District Court - West,Public Nuisance,7000,41
3776,2025,District Court - East,Theft,22800,11
3777,2025,District Court - East,Cheating,7400,23
3778,2025,District Court - North,Cheating,11100,23
3779,2025,District Court - West,NDPS,9500,15
3780,2025,District Court - South,Cyber Offence,43600,17
3781,2025,District Court - East,Domestic Dispute,19100,25
3782,2025,District Court - West,Public Nuisance,12000,35
3783,2025,District Court - Central,Cheating,21000,39
3784,2025,District Court - North,Theft,9600,9
3785,2025,District Court - West,Assault,41900,34
3786,2025,District Court - South,Assault,30400,31
3787,2025,District Court - Central,Public Nuisance,13100,40
3788,2025,District Court - North,Cheating,11900,4
3789,2025,District Court - East,NDPS,45400,13
3790,2025,District Court - East,Domestic Dispute,11300,3
3791,2025,District Court - South,NDPS,45400,16
3792,2025,District Court - East,Cheating,12300,45
3793,2025,District Court - North,Cheating,44100,15
3794,2025,District Court - North,Public Nuisance,19300,33
3795,2025,District Court - North,Domestic Dispute,15600,45
3796,2025,District Court - West,Domestic Dispute,11800,18
3797,2025,District Court - East,Cyber Offence,62900,11
3798,2025,District Court - South,Cyber Offence,13500,14
3799,2025,District Court - West,NDPS,22100,24
3800,2025,District Court - Central,Domestic Dispute,21900,31
3801,2025,District Court - West,Assault,3800,31
3802,2025,District Court - Central,Public Nuisance,18200,11
3803,2025,District Court - East,NDPS,17300,30
3804,2025,District Court - South,Public Nuisance,13200,12
3805,2025,District Court - North,Theft,14100,18
3806,2025,District Court - East,Public Nuisance,38000,23
3807,2025,District Court - South,Assault,26200,7
3808,2025,District Court - North,Domestic Dispute,22300,33
3809,2025,District Court - Central,NDPS,6800,11
3810,2025,District Court - West,Domestic Dispute,33800,2
3811,2025,District Court - West,Cheating,23100,37
3812,2025,District Court - Central,Assault,20800,37
3813,2025,District Court - Central,Public Nuisance,38200,5
3814,2025,District Court - South,Assault,13000,36
3815,2025,District Court - South,Cheating,5300,45
3816,2025,District Court - East,Theft,21300,16
3817,2025,District Court - Central,Theft,21600,45
3818,2025,District Court - West,NDPS,9500,33
3819,2025,District Court - South,Theft,32200,35
3820,2025,District Court - Central,Cyber Offence,19400,35
3821,2025,District Court - West,NDPS,10800,24
3822,2025,District Court - West,Assault,14100,9
3823,2025,District Court - North,Domestic Dispute,13300,8
3824,2025,District Court - Central,Public Nuisance,11700,45
3825,2025,District Court - Central,Domestic Dispute,12400,10
3826,2025,District Court - West,Assault,22500,39
3827,2025,District Court - South,Domestic Dispute,31600,26
3828,2025,District Court - East,Cyber Offence,12700,9
3829,2025,District Court - West,Cyber Offence,4900,30
3830,2025,District Court - South,Public Nuisance,19200,40
3831,2025,District Court - North,Cheating,21300,18
3832,2025,District Court - Central,Cyber Offence,24200,44
3833,2025,District Court - West,Cyber Offence,6100,28
3834,2025,District Court - North,Assault,32200,2
3835,2025,District Court - North,Assault,22800,35
3836,2025,District Court - North,Cheating,23400,29
3837,2025,District Court - North,Public Nuisance,9500,5
3838,2025,District Court - East,NDPS,93600,15
3839,2025,District Court - North,Theft,8600,4
3840,2025,District Court - South,Public Nuisance,55200,26
3841,2025,District Court - East,NDPS,10900,19
3842,2025,District Court - East,Domestic Dispute,11400,37
3843,2025,District Court - South,Domestic Dispute,18200,29
3844,2025,District Court - West,Cyber Offence,34700,13
3845,2025,District Court - East,Public Nuisance,31200,26
3846,2025,District Court - East,Assault,6100,34
3847,2025,District Court - Central,Cyber Offence,22200,18
3848,2025,District Court - Central,Public Nuisance,42100,25
3849,2025,District Court - North,Public Nuisance,36000,9
3850,2025,District Court - West,NDPS,18700,13
3851,2025,District Court - West,Public Nuisance,30100,3
3852,2025,District Court - South,NDPS,16400,26
3853,2025,District Court - West,Cyber Offence,12000,16
3854,2025,District Court - West,Theft,5300,44
3855,2025,District Court - Central,Cyber Offence,15000,45
3856,2025,District Court - North,Public Nuisance,8000,31
3857,2025,District Court - South,Theft,21200,22
3858,2025,District Court - West,Public Nuisance,11400,42
3859,2025,District Court - Central,NDPS,38700,33
3860,2025,District Court - South,Domestic Dispute,10700,17
3861,2025,District Court - West,Cyber Offence,27000,1
3862,2025,District Court - West,Assault,30500,32
3863,2025,District Court - West,Public Nuisance,13200,11
3864,2025,District Court - East,Domestic Dispute,25200,2
3865,2025,District Court - South,Assault,83600,9
3866,2025,District Court - South,Domestic Dispute,42400,13
3867,2025,District Court - Central,Cheating,17800,28
3868,2025,District Court - Central,NDPS,14600,44
3869,2025,District Court - South,Assault,36700,10
3870,2025,District Court - West,Cyber Offence,8300,29
3871,2025,District Court - Central,Public Nuisance,35600,34
3872,2025,District Court - North,Domestic Dispute,9400,45
3873,2025,District Court - West,Theft,32400,12
3874,2025,District Court - West,Domestic Dispute,10000,20
3875,2025,District Court - East,Cheating,34900,36
3876,2025,District Court - East,NDPS,9300,27
3877,2025,District Court - East,Cyber Offence,11700,39
3878,2025,District Court - East,Cyber Offence,38600,26
3879,2025,District Court - East,Domestic Dispute,18000,40
3880,2025,District Court - East,Cheating,33800,45
3881,2025,District Court - North,Cyber Offence,7300,33
3882,2025,District Court - North,Public Nuisance,8900,8
3883,2025,District Court - East,NDPS,14400,18
3884,2025,District Court - South,Public Nuisance,26900,34
3885,2025,District Court - Central,NDPS,38900,4
3886,2025,District Court - East,Theft,11400,25
3887,2025,District Court - West,Cheating,4200,23
3888,2025,District Court - East,Domestic Dispute,9700,34
3889,2025,District Court - North,Domestic Dispute,7300,13
3890,2025,District Court - East,Cyber Offence,13300,27
3891,2025,District Court - North,Domestic Dispute,62200,2
3892,2025,District Court - South,Public Nuisance,19800,5
3893,2025,District Court - West,Theft,21500,12
3894,2025,District Court - West,Theft,11900,26
3895,2025,District Court - North,Domestic Dispute,11700,7
3896,2025,District Court - South,Cheating,13600,43
3897,2025,District Court - East,Theft,15800,3
3898,2025,District Court - East,Public Nuisance,25500,16
3899,2025,District Court - South,Domestic Dispute,19300,1
3900,2025,District Court - Central,NDPS,17900,7
3901,2025,District Court - East,Cyber Offence,11500,8
3902,2025,District Court - West,Assault,11100,28
3903,2025,District Court - West,NDPS,23100,37
3904,2025,District Court - North,Cheating,16800,16
3905,2025,District Court - South,Assault,4900,10
3906,2025,District Court - South,NDPS,16200,34
3907,2025,District Court - East,NDPS,61200,6
3908,2025,District Court - Central,Theft,14500,10
3909,2025,District Court - East,Cyber Offence,57400,39
3910,2025,District Court - Central,Theft,8300,28
3911,2025,District Court - South,NDPS,15700,17
3912,2025,District Court - West,Domestic Dispute,41500,31
3913,2025,District Court - North,Theft,15500,25
3914,2025,District Court - Central,Cyber Offence,47600,41
3915,2025,District Court - South,Theft,23000,29
3916,2025,District Court - Central,Assault,11600,29
3917,2025,District Court - West,NDPS,10000,20
3918,2025,District Court - South,Assault,17800,2
3919,2025,District Court - West,Domestic Dispute,7500,8
3920,2025,District Court - North,Domestic Dispute,6900,33
3921,2025,District Court - East,Cyber Offence,29300,33
3922,2025,District Court - East,Theft,17900,7
3923,2025,District Court - Central,Domestic Dispute,17400,33
3924,2025,District Court - East,Domestic Dispute,19000,6
3925,2025,District Court - East,Assault,39700,13
3926,2025,District Court - West,Cyber Offence,12700,37
3927,2025,District Court - North,Public Nuisance,10100,26
3928,2025,District Court - North,Assault,16000,29
3929,2025,District Court - South,Cheating,13600,17
3930,2025,District Court - North,Domestic Dispute,7800,11
3931,2025,District Court - North,Theft,12600,42
3932,2025,District Court - South,NDPS,29100,16
3933,2025,District Court - West,NDPS,10300,34
3934,2025,District Court - South,Public Nuisance,17200,21
3935,2025,District Court - West,Theft,22800,27
3936,2025,District Court - East,Theft,31800,17
3937,2025,District Court - East,Public Nuisance,18700,5
3938,2025,District Court - East,Domestic Dispute,30300,16
3939,2025,District Court - North,Assault,5600,39
3940,2025,District Court - Central,Public Nuisance,6300,8
3941,2025,District Court - West,Domestic Dispute,23200,33
3942,2025,District Court - South,Cheating,3800,1
3943,2025,District Court - North,Cyber Offence,12300,31
3944,2025,District Court - Central,Cheating,17600,17
3945,2025,District Court - East,NDPS,11700,20
3946,2025,District Court - North,Public Nuisance,16000,1
3947,2025,District Court - North,Cyber Offence,41300,22
3948,2025,District Court - West,Cheating,31200,31
3949,2025,District Court - South,NDPS,13500,24
3950,2025,District Court - East,Cheating,17200,32
3951,2025,District Court - South,Cheating,17600,23
3952,2025,District Court - Central,NDPS,27600,33
3953,2025,District Court - North,Assault,16200,5
3954,2025,District Court - South,Assault,22000,1
3955,2025,District Court - North,Public Nuisance,20700,42
3956,2025,District Court - West,Domestic Dispute,9500,19
3957,2025,District Court - South,Domestic Dispute,23100,19
3958,2025,District Court - East,Assault,6300,1
3959,2025,District Court - North,Cyber Offence,26000,34
3960,2025,District Court - Central,Assault,23700,14
3961,2025,District Court - East,Theft,9100,44
3962,2025,District Court - South,Theft,22500,36
3963,2025,District Court - West,Theft,17100,12
3964,2025,District Court - East,Assault,13500,45
3965,2025,District Court - North,Domestic Dispute,17300,16
3966,2025,District Court - Central,Public Nuisance,6300,16
3967,2025,District Court - Central,Domestic Dispute,12000,15
3968,2025,District Court - West,Public Nuisance,43200,9
3969,2025,District Court - North,NDPS,9600,29
3970,2025,District Court - South,Cyber Offence,3900,24
3971,2025,District Court - East,Public Nuisance,7100,14
3972,2025,District Court - South,NDPS,30800,13
3973,2025,District Court - East,Cheating,94100,35
3974,2025,District Court - East,Cheating,9100,19
3975,2025,District Court - East,Theft,73600,13
3976,2025,District Court - North,Cyber Offence,24700,2
3977,2025,District Court - East,Assault,63200,44
3978,2025,District Court - Central,Public Nuisance,26600,33
3979,2025,District Court - South,Public Nuisance,25000,37
3980,2025,District Court - East,Assault,18900,2
3981,2025,District Court - East,Assault,23000,8
3982,2025,District Court - Central,Domestic Dispute,42800,5
3983,2025,District Court - Central,Assault,6300,15
3984,2025,District Court - Central,Theft,13800,11
3985,2025,District Court - North,Cyber Offence,57000,27
3986,2025,District Court - North,Cyber Offence,9700,14
3987,2025,District Court - North,Theft,7500,2
3988,2025,District Court - East,Theft,20300,1
3989,2025,District Court - Central,Domestic Dispute,12200,28
3990,2025,District Court - South,Theft,14200,42
3991,2025,District Court - West,NDPS,28800,11
3992,2025,District Court - Central,Theft,39000,10
3993,2025,District Court - Central,Public Nuisance,9800,36
3994,2025,District Court - North,Domestic Dispute,16200,25
3995,2025,District Court - South,NDPS,6700,18
3996,2025,District Court - East,Cheating,10500,19
3997,2025,District Court - East,Theft,13700,1
3998,2025,District Court - North,NDPS,20000,19
3999,2025,District Court - West,Theft,18100,27
4000,2025,District Court - West,Assault,18200,9
4001,2025,District Court - East,NDPS,17800,22
4002,2025,District Court - North,Assault,16000,14
4003,2025,District Court - West,Assault,17400,18
4004,2025,District Court - South,Theft,20900,13
4005,2025,District Court - West,Cheating,29000,14
4006,2025,District Court - West,Theft,20500,35
4007,2025,District Court - East,Cyber Offence,54800,43
4008,2025,District Court - Central,Assault,18400,34
4009,2025,District Court - North,NDPS,13500,37
4010,2025,District Court - South,Public Nuisance,21200,10
4011,2025,District Court - West,NDPS,10300,23
4012,2025,District Court - North,Theft,18400,21
4013,2025,District Court - South,Theft,16000,12
4014,2025,District Court - South,Public Nuisance,37800,3
4015,2025,District Court - Central,Cyber Offence,71500,45
4016,2025,District Court - South,Assault,10200,43
4017,2025,District Court - North,Public Nuisance,29700,25
4018,2025,District Court - West,Theft,12000,30
4019,2025,District Court - North,Public Nuisance,11900,20
4020,2025,District Court - Central,Cyber Offence,24200,34
4021,2025,District Court - West,NDPS,15500,32
4022,2025,District Court - West,Cheating,32800,2
4023,2025,District Court - North,Assault,23200,21
4024,2025,District Court - West,Domestic Dispute,14000,39
4025,2025,District Court - North,Theft,28200,10
4026,2025,District Court - South,Theft,15400,38
4027,2025,District Court - South,Theft,34200,38
4028,2025,District Court - West,Assault,22300,35
4029,2025,District Court - West,NDPS,8800,24
4030,2025,District Court - Central,Public Nuisance,21300,36
4031,2025,District Court - West,Domestic Dispute,16300,10
4032,2025,District Court - Central,Domestic Dispute,16100,16
4033,2025,District Court - Central,Theft,60200,34
4034,2025,District Court - West,NDPS,28700,19
4035,2025,District Court - East,Cheating,21900,33
4036,2025,District Court - North,Public Nuisance,21600,1
4037,2025,District Court - North,Theft,22900,11
4038,2025,District Court - Central,Theft,24200,11
4039,2025,District Court - North,Theft,7600,42
4040,2025,District Court - West,Public Nuisance,18400,41
4041,2025,District Court - South,NDPS,8300,38
4042,2025,District Court - North,Assault,10100,45
4043,2025,District Court - South,Theft,27800,30
4044,2025,District Court - West,Domestic Dispute,56100,42
4045,2025,District Court - South,Domestic Dispute,7800,41
4046,2025,District Court - Central,NDPS,22800,23
4047,2025,District Court - East,NDPS,11000,8
4048,2025,District Court - Central,Cyber Offence,17900,25
4049,2025,District Court - South,NDPS,38900,36
4050,2025,District Court - North,Theft,15200,44
4051,2025,District Court - Central,Public Nuisance,13500,26
4052,2025,District Court - North,Domestic Dispute,16700,16
4053,2025,District Court - West,Cyber Offence,44100,20
4054,2025,District Court - South,Assault,29900,3
4055,2025,District Court - Central,Domestic Dispute,30800,6
4056,2025,District Court - Central,Assault,24200,42
4057,2025,District Court - North,Domestic Dispute,8600,26
4058,2025,District Court - Central,NDPS,7500,5
4059,2025,District Court - South,NDPS,10900,12
4060,2025,District Court - Central,Cheating,8300,26
4061,2025,District Court - South,Theft,15900,29
4062,2025,District Court - Central,Public Nuisance,10800,31
4063,2025,District Court - East,Domestic Dispute,7300,26
4064,2025,District Court - East,Domestic Dispute,20500,5
4065,2025,District Court - North,Assault,6600,9
4066,2025,District Court - Central,Domestic Dispute,19300,44
4067,2025,District Court - South,Theft,12800,45
4068,2025,District Court - North,Domestic Dispute,47200,15
4069,2025,District Court - South,Domestic Dispute,20400,4
4070,2025,District Court - West,Cyber Offence,18900,19
4071,2025,District Court - South,Domestic Dispute,24700,2
4072,2025,District Court - West,Cheating,10000,14
4073,2025,District Court - East,Domestic Dispute,13500,35
4074,2025,District Court - Central,Theft,17700,27
4075,2025,District Court - West,NDPS,14100,44
4076,2025,District Court - North,Assault,11100,33
4077,2025,District Court - West,NDPS,19400,2
4078,2025,District Court - North,NDPS,36300,38
4079,2025,District Court - North,Cyber Offence,16400,14
4080,2025,District Court - West,Public Nuisance,33200,26
4081,2025,District Court - Central,Cyber Offence,8900,4
4082,2025,District Court - North,Public Nuisance,17300,37
4083,2025,District Court - Central,Cheating,15600,9
4084,2025,District Court - West,Cheating,13500,35
4085,2025,District Court - West,Cheating,29700,1
4086,2025,District Court - North,Domestic Dispute,33600,2
4087,2025,District Court - Central,Assault,50700,2
4088,2025,District Court - North,Cheating,24400,33
4089,2025,District Court - North,NDPS,38000,10
4090,2025,District Court - South,Assault,13700,42
4091,2025,District Court - North,Assault,4600,14
4092,2025,District Court - North,Assault,11600,5
4093,2025,District Court - South,Cheating,9600,20
4094,2025,District Court - South,Cyber Offence,16900,31
4095,2025,District Court - East,Public Nuisance,5000,10
4096,2025,District Court - West,Public Nuisance,13700,14
4097,2025,District Court - North,Cyber Offence,7500,14
4098,2025,District Court - Central,Cyber Offence,18400,21
4099,2025,District Court - South,Cyber Offence,15900,44
4100,2025,District Court - West,Cyber Offence,40400,18
4101,2025,District Court - Central,Assault,24500,42
4102,2025,District Court - East,Theft,26500,26
4103,2025,District Court - South,NDPS,11900,39
4104,2025,District Court - North,Domestic Dispute,40600,20
4105,2025,District Court - Central,NDPS,58100,6
4106,2025,District Court - South,Cyber Offence,16000,26
4107,2025,District Court - West,Cheating,7400,13
4108,2025,District Court - West,Cheating,7500,10
4109,2025,District Court - West,Public Nuisance,9700,20
4110,2025,District Court - East,Assault,26800,34
4111,2025,District Court - Central,Theft,22500,3
4112,2025,District Court - Central,Theft,10000,8
4113,2025,District Court - East,Domestic Dispute,31000,24
4114,2025,District Court - West,NDPS,78000,30
4115,2025,District Court - North,Public Nuisance,102200,12
4116,2025,District Court - North,Theft,36000,12
4117,2025,District Court - Central,Public Nuisance,10700,18
4118,2025,District Court - South,Domestic Dispute,38800,19
4119,2025,District Court - South,Cheating,14700,24
4120,2025,District Court - Central,Cheating,19500,4
4121,2025,District Court - North,Domestic Dispute,15000,14
4122,2025,District Court - West,NDPS,16100,5
4123,2025,District Court - North,Cheating,2100,26
4124,2025,District Court - East,Domestic Dispute,12500,1
4125,2025,District Court - North,Domestic Dispute,16300,42
4126,2025,District Court - West,Theft,18600,20
4127,2025,District Court - Central,Cheating,13800,1
4128,2025,District Court - Central,Domestic Dispute,20200,15
4129,2025,District Court - Central,Domestic Dispute,10600,5
4130,2025,District Court - Central,NDPS,11600,13
4131,2025,District Court - West,Assault,23500,13
4132,2025,District Court - West,Assault,16900,6
4133,2025,District Court - East,NDPS,47000,28
4134,2025,District Court - East,Theft,10100,7
4135,2025,District Court - South,NDPS,16600,19
4136,2025,District Court - West,Theft,9500,37
4137,2025,District Court - South,Cyber Offence,14900,21
4138,2025,District Court - West,Cyber Offence,10600,35
4139,2025,District Court - South,NDPS,19400,4
4140,2025,District Court - South,Cyber Offence,18300,33
4141,2025,District Court - West,Public Nuisance,19300,2
4142,2025,District Court - Central,Assault,9900,42
4143,2025,District Court - North,Assault,6700,19
4144,2025,District Court - East,Public Nuisance,4800,38
4145,2025,District Court - South,NDPS,27600,41
4146,2025,District Court - North,NDPS,20800,37
4147,2025,District Court - South,Cheating,11800,15
4148,2025,District Court - East,Assault,5800,41
4149,2025,District Court - East,NDPS,43600,29
4150,2025,District Court - West,Assault,27200,44
4151,2025,District Court - South,Public Nuisance,14600,21
4152,2025,District Court - East,NDPS,30800,11
4153,2025,District Court - East,Public Nuisance,18900,13
4154,2025,District Court - North,Theft,10000,31
4155,2025,District Court - West,Domestic Dispute,6800,10
4156,2025,District Court - South,Public Nuisance,8000,25
4157,2025,District Court - South,Assault,18200,28
4158,2025,District Court - West,Assault,19300,25
4159,2025,District Court - South,Assault,70200,22
4160,2025,District Court - East,Cheating,25400,40
4161,2025,District Court - East,Public Nuisance,22200,21
4162,2025,District Court - Central,Cheating,22200,22
4163,2025,District Court - South,Cheating,37000,6
4164,2025,District Court - West,Domestic Dispute,36400,18
4165,2025,District Court - South,Theft,6700,17
4166,2025,District Court - West,Theft,14300,25
4167,2025,District Court - South,Assault,18800,16
4168,2025,District Court - South,Domestic Dispute,42300,7
4169,2025,District Court - Central,Public Nuisance,25300,42
4170,2025,District Court - Central,Theft,4000,44
4171,2025,District Court - East,Theft,20600,32
4172,2025,District Court - South,Domestic Dispute,13100,35
4173,2025,District Court - West,Public Nuisance,60700,21
4174,2025,District Court - North,Assault,16800,36
4175,2025,District Court - North,Public Nuisance,11100,44
4176,2025,District Court - East,Cheating,9600,36
4177,2025,District Court - North,Domestic Dispute,13200,40
4178,2025,District Court - Central,Cheating,26200,20
4179,2025,District Court - North,Cheating,9800,11
4180,2025,District Court - East,Assault,9300,39
4181,2025,District Court - West,Public Nuisance,33400,8
4182,2025,District Court - East,Cheating,8600,1
4183,2025,District Court - Central,NDPS,24900,28
4184,2025,District Court - East,Public Nuisance,18300,30
4185,2025,District Court - South,Assault,11500,20
4186,2025,District Court - West,NDPS,44400,13
4187,2025,District Court - South,Cyber Offence,17600,6
4188,2025,District Court - East,Assault,21100,39
4189,2025,District Court - Central,Cyber Offence,85300,16
4190,2025,District Court - East,Assault,18900,38
4191,2025,District Court - West,Theft,54900,16
4192,2025,District Court - West,Assault,65800,2
4193,2025,District Court - Central,Public Nuisance,58500,23
4194,2025,District Court - East,Theft,22100,20
4195,2025,District Court - Central,Public Nuisance,17000,20
4196,2025,District Court - East,Domestic Dispute,12300,39
4197,2025,District Court - Central,Theft,21800,7
4198,2025,District Court - North,Cyber Offence,6700,32
4199,2025,District Court - Central,NDPS,10200,2
4200,2025,District Court - North,Cheating,7700,37
4201,2025,District Court - West,Cheating,41700,7
4202,2025,District Court - West,Assault,19400,22
4203,2025,District Court - South,Cyber Offence,10400,1
4204,2025,District Court - East,Domestic Dispute,33700,21
4205,2025,District Court - West,Assault,7600,14
4206,2025,District Court - Central,Assault,46700,34
4207,2025,District Court - West,Cyber Offence,21700,38
4208,2025,District Court - West,Cheating,54500,3
4209,2025,District Court - West,NDPS,9800,14
4210,2025,District Court - Central,Public Nuisance,13500,4
4211,2025,District Court - North,Assault,52700,20
4212,2025,District Court - Central,Theft,57400,22
4213,2025,District Court - West,Assault,9200,36
4214,2025,District Court - South,Theft,17100,39
4215,2025,District Court - West,Assault,12900,37
4216,2025,District Court - South,Domestic Dispute,6200,6
4217,2025,District Court - North,Cyber Offence,12800,37
4218,2025,District Court - South,Public Nuisance,4500,11
4219,2025,District Court - East,Theft,6600,8
4220,2025,District Court - Central,Public Nuisance,20000,25
4221,2025,District Court - North,Theft,17000,6
4222,2025,District Court - West,NDPS,10100,36
4223,2025,District Court - South,Cheating,22100,22
4224,2025,District Court - Central,Assault,38600,6
4225,2025,District Court - West,Domestic Dispute,43300,4
4226,2025,District Court - South,Theft,17300,20
4227,2025,District Court - West,Cheating,18100,27
4228,2025,District Court - North,Theft,175400,21
4229,2025,District Court - Central,Cheating,6400,3
4230,2025,District Court - West,NDPS,12300,40
4231,2025,District Court - West,Cheating,30400,31
4232,2025,District Court - Central,Domestic Dispute,28500,20
4233,2025,District Court - Central,Cheating,35300,5
4234,2025,District Court - Central,Cheating,44100,10
4235,2025,District Court - North,Cheating,30800,37
4236,2025,District Court - East,Domestic Dispute,22700,45
4237,2025,District Court - East,Public Nuisance,7800,11
4238,2025,District Court - East,Assault,21200,3
4239,2025,District Court - East,Assault,24400,36
4240,2025,District Court - South,Cyber Offence,7900,43
4241,2025,District Court - Central,NDPS,4800,17
4242,2025,District Court - Central,Cyber Offence,17100,20
4243,2025,District Court - East,Assault,17100,2
4244,2025,District Court - South,Cheating,20800,32
4245,2025,District Court - Central,Assault,11100,3
4246,2025,District Court - East,Cyber Offence,10000,8
4247,2025,District Court - North,Cheating,28700,8
4248,2025,District Court - South,Cheating,7900,15
4249,2025,District Court - West,Public Nuisance,24900,11
4250,2025,District Court - Central,Domestic Dispute,7400,11
4251,2025,District Court - Central,Assault,19300,10
4252,2025,District Court - West,NDPS,11800,30
4253,2025,District Court - West,Domestic Dispute,3100,10
4254,2025,District Court - West,NDPS,7300,37
4255,2025,District Court - South,Domestic Dispute,20700,24
4256,2025,District Court - West,Domestic Dispute,14500,42
4257,2025,District Court - West,NDPS,11900,35
4258,2025,District Court - East,Cheating,8900,18
4259,2025,District Court - West,Assault,30100,14
4260,2025,District Court - East,Theft,27300,30
4261,2025,District Court - Central,Cyber Offence,28400,22
4262,2025,District Court - North,Theft,12000,32
4263,2025,District Court - Central,Public Nuisance,27100,29
4264,2025,District Court - Central,Theft,11600,41
4265,2025,District Court - East,Assault,32100,6
4266,2025,District Court - East,Cyber Offence,26000,10
4267,2025,District Court - West,Public Nuisance,3500,32
4268,2025,District Court - West,NDPS,18900,40
4269,2025,District Court - Central,Domestic Dispute,25700,26
4270,2025,District Court - West,Public Nuisance,52700,2
4271,2025,District Court - West,Theft,18600,10
4272,2025,District Court - Central,Cyber Offence,48400,34
4273,2025,District Court - Central,Theft,14200,5
4274,2025,District Court - South,Domestic Dispute,25700,14
4275,2025,District Court - North,Theft,28100,3
4276,2025,District Court - East,Assault,20700,21
4277,2025,District Court - North,Domestic Dispute,18900,25
4278,2025,District Court - East,Public Nuisance,35400,3
4279,2025,District Court - South,NDPS,22400,27
4280,2025,District Court - East,Theft,14500,40
4281,2025,District Court - South,Theft,12400,45
4282,2025,District Court - North,Cheating,5400,26
4283,2025,District Court - South,Theft,7900,19
4284,2025,District Court - East,Public Nuisance,23500,7
4285,2025,District Court - South,Cheating,66000,32
4286,2025,District Court - South,NDPS,31200,36
4287,2025,District Court - East,Cheating,20000,42
4288,2025,District Court - West,Public Nuisance,13100,16
4289,2025,District Court - South,Cheating,19100,10
4290,2025,District Court - East,Assault,15600,4
4291,2025,District Court - West,Cheating,70300,28
4292,2025,District Court - Central,Theft,15400,4
4293,2025,District Court - Central,Theft,20100,30
4294,2025,District Court - West,Domestic Dispute,23100,30
4295,2025,District Court - West,NDPS,24000,27
4296,2025,District Court - East,Theft,14200,6
4297,2025,District Court - North,Domestic Dispute,18300,41
4298,2025,District Court - East,Assault,24300,19
4299,2025,District Court - West,NDPS,22200,24
4300,2025,District Court - North,Domestic Dispute,5400,8
4301,2025,District Court - Central,Domestic Dispute,19900,17
4302,2025,District Court - South,Cyber Offence,22900,35
4303,2025,District Court - South,NDPS,39400,38
4304,2025,District Court - East,Public Nuisance,12900,23
4305,2025,District Court - East,Public Nuisance,19200,26
4306,2025,District Court - West,Cheating,93400,1
4307,2025,District Court - West,Cyber Offence,16800,36
4308,2025,District Court - Central,Public Nuisance,7100,19
4309,2025,District Court - West,Public Nuisance,5900,28
4310,2025,District Court - Central,Public Nuisance,14300,44
4311,2025,District Court - North,Cyber Offence,8700,23
4312,2025,District Court - South,Domestic Dispute,8300,30
4313,2025,District Court - Central,Assault,21300,4
4314,2025,District Court - West,NDPS,17300,16
4315,2025,District Court - South,Theft,5500,9
4316,2025,District Court - East,NDPS,4700,45
4317,2025,District Court - North,Public Nuisance,12300,45
4318,2025,District Court - North,Cyber Offence,27800,28
4319,2025,District Court - West,Domestic Dispute,35500,35
4320,2025,District Court - East,Public Nuisance,18800,3
4321,2025,District Court - Central,Cyber Offence,33600,18
4322,2025,District Court - West,Cyber Offence,18500,18
4323,2025,District Court - West,Cheating,10500,27
4324,2025,District Court - East,Theft,40200,28
4325,2025,District Court - North,Public Nuisance,11100,33
4326,2025,District Court - West,Theft,44900,43
4327,2025,District Court - North,Domestic Dispute,36400,41
4328,2025,District Court - South,Assault,21800,22
4329,2025,District Court - North,Assault,14200,25
4330,2025,District Court - Central,Domestic Dispute,36900,27
4331,2025,District Court - South,Cyber Offence,23200,35
4332,2025,District Court - East,Public Nuisance,18200,33
4333,2025,District Court - West,Assault,3300,44
4334,2025,District Court - East,Cyber Offence,25800,2
4335,2025,District Court - West,Public Nuisance,52900,39
4336,2025,District Court - South,Cheating,19800,34
4337,2025,District Court - East,Theft,34100,37
4338,2025,District Court - South,Theft,55700,9
4339,2025,District Court - Central,Public Nuisance,27100,38
4340,2025,District Court - West,Cheating,6600,5
4341,2025,District Court - East,Cheating,9500,12
4342,2025,District Court - Central,Public Nuisance,14200,38
4343,2025,District Court - South,Theft,25200,34
4344,2025,District Court - Central,Theft,26900,1
4345,2025,District Court - Central,Domestic Dispute,25100,21
4346,2025,District Court - West,Public Nuisance,23000,11
4347,2025,District Court - Central,Domestic Dispute,23300,30
4348,2025,District Court - North,Domestic Dispute,15100,36
4349,2025,District Court - West,NDPS,63400,18
4350,2025,District Court - West,Cyber Offence,36500,25
4351,2025,District Court - Central,Cyber Offence,18200,16
4352,2025,District Court - Central,Theft,17000,10
4353,2025,District Court - South,Assault,38500,10
4354,2025,District Court - Central,Theft,21700,34
4355,2025,District Court - East,Public Nuisance,11700,30
4356,2025,District Court - East,Assault,11200,17
4357,2025,District Court - North,Domestic Dispute,16600,44
4358,2025,District Court - East,Cyber Offence,23400,38
4359,2025,District Court - North,Theft,20100,40
4360,2025,District Court - West,Cyber Offence,14500,39
4361,2025,District Court - North,Cyber Offence,10200,10
4362,2025,District Court - East,Domestic Dispute,12400,44
4363,2025,District Court - Central,Domestic Dispute,14100,42
4364,2025,District Court - North,Cheating,43900,35
4365,2025,District Court - West,Cheating,5800,20
4366,2025,District Court - East,Cheating,11100,25
4367,2025,District Court - South,Cheating,7000,23
4368,2025,District Court - East,Public Nuisance,15100,16
4369,2025,District Court - North,Assault,11000,40
4370,2025,District Court - North,NDPS,23100,31
4371,2025,District Court - North,Cheating,3600,13
4372,2025,District Court - West,Domestic Dispute,22800,37
4373,2025,District Court - North,NDPS,41700,29
4374,2025,District Court - East,Assault,7100,1
4375,2025,District Court - North,Domestic Dispute,16300,5
4376,2025,District Court - Central,Cyber Offence,40100,3
4377,2025,District Court - West,Assault,7600,42
4378,2025,District Court - West,Theft,11500,33
4379,2025,District Court - Central,Assault,10800,24
4380,2025,District Court - Central,Domestic Dispute,34300,18
4381,2025,District Court - North,Domestic Dispute,25000,23
4382,2025,District Court - North,Public Nuisance,18700,29
4383,2025,District Court - East,NDPS,12300,18
4384,2025,District Court - Central,Public Nuisance,33800,5
4385,2025,District Court - West,Public Nuisance,22400,28
4386,2025,District Court - North,Public Nuisance,6900,43
4387,2025,District Court - South,Cyber Offence,5900,1
4388,2025,District Court - North,Public Nuisance,11000,6
4389,2025,District Court - West,Theft,17300,21
4390,2025,District Court - South,Assault,26900,25
4391,2025,District Court - South,Theft,3400,22
4392,2025,District Court - North,Cheating,14100,29
4393,2025,District Court - East,Assault,7400,20
4394,2025,District Court - East,Cyber Offence,11300,10
4395,2025,District Court - Central,Cheating,19600,4
4396,2025,District Court - North,Domestic Dispute,11400,3
4397,2025,District Court - West,Assault,41400,44
4398,2025,District Court - West,Public Nuisance,4200,4
4399,2025,District Court - West,Assault,9700,24
4400,2025,District Court - Central,Cheating,4400,23
4401,2025,District Court - North,NDPS,8800,43
4402,2025,District Court - East,Cheating,20700,26
4403,2025,District Court - Central,Assault,9900,33
4404,2025,District Court - West,Cyber Offence,40900,33
4405,2025,District Court - North,NDPS,42400,38
4406,2025,District Court - East,Theft,7100,8
4407,2025,District Court - South,Cheating,32700,44
4408,2025,District Court - West,Domestic Dispute,30100,21
4409,2025,District Court - North,NDPS,21800,1
4410,2025,District Court - South,Domestic Dispute,62500,14
4411,2025,District Court - Central,Cyber Offence,5000,5
4412,2025,District Court - Central,Public Nuisance,32900,30
4413,2025,District Court - Central,Assault,32000,44
4414,2025,District Court - Central,Cyber Offence,18400,42
4415,2025,District Court - Central,Assault,27200,42
4416,2025,District Court - Central,Cheating,22800,14
4417,2025,District Court - South,Cyber Offence,13200,25
4418,2025,District Court - North,Assault,21700,13
4419,2025,District Court - Central,Assault,32700,14
4420,2025,District Court - East,Public Nuisance,18700,38
4421,2025,District Court - West,Domestic Dispute,24200,37
4422,2025,District Court - East,Theft,35300,42
4423,2025,District Court - East,Domestic Dispute,32600,26
4424,2025,District Court - North,Theft,19500,13
4425,2025,District Court - West,Theft,11800,22
4426,2025,District Court - South,NDPS,15900,26
4427,2025,District Court - South,Public Nuisance,9000,32
4428,2025,District Court - West,Theft,8100,20
4429,2025,District Court - East,Assault,19600,22
4430,2025,District Court - Central,Theft,18200,25
4431,2025,District Court - South,NDPS,4500,17
4432,2025,District Court - North,NDPS,19400,26
4433,2025,District Court - North,NDPS,65900,13
4434,2025,District Court - West,Public Nuisance,54400,17
4435,2025,District Court - South,Cheating,11700,28
4436,2025,District Court - Central,Public Nuisance,13500,8
4437,2025,District Court - East,Cyber Offence,5100,20
4438,2025,District Court - Central,Public Nuisance,51300,29
4439,2025,District Court - East,Public Nuisance,15500,4
4440,2025,District Court - West,Cyber Offence,10100,25
4441,2025,District Court - West,NDPS,16600,34
4442,2025,District Court - Central,Theft,25200,17
4443,2025,District Court - South,Cyber Offence,12600,20
4444,2025,District Court - Central,Cyber Offence,24600,29
4445,2025,District Court - Central,Domestic Dispute,18400,37
4446,2025,District Court - West,Domestic Dispute,24400,16
4447,2025,District Court - North,Assault,14000,12
4448,2025,District Court - North,Cheating,22000,30
4449,2025,District Court - East,Assault,15000,45
4450,2025,District Court - South,Assault,12500,3
4451,2025,District Court - North,Theft,34300,13
4452,2025,District Court - Central,Assault,8300,16
4453,2025,District Court - West,Cheating,40000,1
4454,2025,District Court - East,Assault,11700,41
4455,2025,District Court - West,Public Nuisance,17300,12
4456,2025,District Court - South,Domestic Dispute,22400,26
4457,2025,District Court - North,Assault,17400,30
4458,2025,District Court - South,NDPS,44100,32
4459,2025,District Court - East,Theft,19500,26
4460,2025,District Court - Central,Cheating,7600,39
4461,2025,District Court - North,Assault,58300,11
4462,2025,District Court - North,Cheating,12600,7
4463,2025,District Court - Central,Public Nuisance,14700,23
4464,2025,District Court - Central,Cheating,11100,18
4465,2025,District Court - Central,Public Nuisance,9000,20
4466,2025,District Court - South,Cheating,7200,9
4467,2025,District Court - Central,NDPS,158200,7
4468,2025,District Court - Central,Domestic Dispute,32700,11
4469,2025,District Court - Central,Cyber Offence,7800,31
4470,2025,District Court - South,Theft,8700,7
4471,2025,District Court - West,NDPS,23500,13
4472,2025,District Court - South,Public Nuisance,76800,28
4473,2025,District Court - Central,Domestic Dispute,9800,15
4474,2025,District Court - South,NDPS,11100,20
4475,2025,District Court - East,NDPS,32300,7
4476,2025,District Court - South,Assault,22500,1
4477,2025,District Court - North,Assault,14600,24
4478,2025,District Court - West,NDPS,10300,34
4479,2025,District Court - West,Assault,15600,37
